,Symbol
0,A
1,AA
2,AAC
3,AACG
4,AACI
5,AADI
6,AAIC
7,AAIC^B
8,AAIC^C
9,AAIN
10,AAL
11,AAM^A
12,AAM^B
13,AAMC
14,AAME
15,AAN
16,AAOI
17,AAON
18,AAP
19,AAPL
20,AAQC
21,AAT
22,AATC
23,AAU
24,AAWW
25,AB
26,ABB
27,ABBV
28,ABC
29,ABCB
30,ABCL
31,ABCM
32,ABEO
33,ABEV
34,ABG
35,ABGI
36,ABIO
37,ABM
38,ABMD
39,ABNB
40,ABOS
41,ABR
42,ABR^D
43,ABR^E
44,ABR^F
45,ABSI
46,ABST
47,ABT
48,ABTX
49,ABUS
50,ABVC
51,AC
52,ACA
53,ACAB
54,ACABU
55,ACABW
56,ACAD
57,ACAH
58,ACAHU
59,ACAHW
60,ACAQ
61,ACAX
62,ACAXR
63,ACB
64,ACBA
65,ACBAU
66,ACBAW
67,ACC
68,ACCD
69,ACCO
70,ACDI
71,ACEL
72,ACER
73,ACET
74,ACEV
75,ACEVW
76,ACGL
77,ACGLN
78,ACGLO
79,ACH
80,ACHC
81,ACHL
82,ACHR
83,ACHV
84,ACI
85,ACII
86,ACIU
87,ACIW
88,ACKIT
89,ACKIU
90,ACKIW
91,ACLS
92,ACLX
93,ACM
94,ACMR
95,ACN
96,ACNB
97,ACON
98,ACONW
99,ACOR
100,ACP
101,ACP^A
102,ACQR
103,ACQRU
104,ACQRW
105,ACR
106,ACR^C
107,ACR^D
108,ACRE
109,ACRO
110,ACRS
111,ACRX
112,ACST
113,ACT
114,ACTG
115,ACU
116,ACV
117,ACVA
118,ACXP
119,ADAG
120,ADAL
121,ADALU
122,ADALW
123,ADAP
124,ADBE
125,ADC
126,ADC^A
127,ADCT
128,ADER
129,ADERU
130,ADERW
131,ADES
132,ADEX
133,ADGI
134,ADI
135,ADIL
136,ADILW
137,ADM
138,ADMA
139,ADMP
140,ADN
141,ADNT
142,ADNWW
143,ADOC
144,ADOCR
145,ADOCW
146,ADP
147,ADPT
148,ADRA
149,ADRT
150,ADSE
151,ADSEW
152,ADSK
153,ADT
154,ADTH
155,ADTHW
156,ADTN
157,ADTX
158,ADUS
159,ADV
160,ADVM
161,ADVWW
162,ADX
163,ADXN
164,AE
165,AEAC
166,AEACW
167,AEAE
168,AEAEW
169,AEE
170,AEF
171,AEFC
172,AEG
173,AEHA
174,AEHAU
175,AEHAW
176,AEHL
177,AEHR
178,AEI
179,AEIS
180,AEL
181,AEL^A
182,AEL^B
183,AEM
184,AEMD
185,AENZ
186,AEO
187,AEP
188,AEPPZ
189,AER
190,AERC
191,AERI
192,AES
193,AESC
194,AESE
195,AEVA
196,AEY
197,AEYE
198,AEZS
199,AFAC
200,AFACU
201,AFACW
202,AFAQ
203,AFAQW
204,AFAR
205,AFARU
206,AFARW
207,AFB
208,AFBI
209,AFCG
210,AFG
211,AFGB
212,AFGC
213,AFGD
214,AFGE
215,AFIB
216,AFL
217,AFMD
218,AFRI
219,AFRIW
220,AFRM
221,AFT
222,AFTR
223,AFYA
224,AG
225,AGAC
226,AGBA
227,AGBAR
228,AGBAW
229,AGCB
230,AGCO
231,AGD
232,AGE
233,AGEN
234,AGFS
235,AGFY
236,AGGR
237,AGGRU
238,AGI
239,AGIL
240,AGILW
241,AGIO
242,AGL
243,AGLE
244,AGM
245,AGM^C
246,AGM^D
247,AGM^E
248,AGM^F
249,AGM^G
250,AGMH
251,AGNC
252,AGNCM
253,AGNCN
254,AGNCO
255,AGNCP
256,AGO
257,AGR
258,AGRI
259,AGRIW
260,AGRO
261,AGRX
262,AGS
263,AGTC
264,AGTI
265,AGX
266,AGYS
267,AHCO
268,AHG
269,AHH
270,AHH^A
271,AHI
272,AHL^C
273,AHL^D
274,AHL^E
275,AHPA
276,AHPAW
277,AHPI
278,AHRN
279,AHRNW
280,AHT
281,AHT^D
282,AHT^F
283,AHT^G
284,AHT^H
285,AHT^I
286,AI
287,AIB
288,AIBBR
289,AIC
290,AIF
291,AIG
292,AIG^A
293,AIH
294,AIHS
295,AIKI
296,AIM
297,AIMAU
298,AIMAW
299,AIMBU
300,AIMC
301,AIN
302,AINC
303,AINV
304,AIO
305,AIP
306,AIR
307,AIRC
308,AIRG
309,AIRI
310,AIRS
311,AIRT
312,AIRTP
313,AIT
314,AIU
315,AIV
316,AIZ
317,AIZN
318,AJG
319,AJRD
320,AJX
321,AJXA
322,AKA
323,AKAM
324,AKAN
325,AKBA
326,AKIC
327,AKO/A
328,AKO/B
329,AKR
330,AKRO
331,AKTS
332,AKTX
333,AKU
334,AKUS
335,AKYA
336,AL
337,AL^A
338,ALB
339,ALBO
340,ALC
341,ALCC
342,ALCO
343,ALDX
344,ALE
345,ALEC
346,ALEX
347,ALF
348,ALG
349,ALGM
350,ALGN
351,ALGS
352,ALGT
353,ALHC
354,ALIM
355,ALIN^A
356,ALIN^B
357,ALIN^E
358,ALIT
359,ALJJ
360,ALK
361,ALKS
362,ALKT
363,ALL
364,ALL^B
365,ALL^G
366,ALL^H
367,ALL^I
368,ALLE
369,ALLG
370,ALLK
371,ALLO
372,ALLR
373,ALLT
374,ALLY
375,ALNA
376,ALNY
377,ALOR
378,ALORU
379,ALORW
380,ALOT
381,ALP^Q
382,ALPA
383,ALPAU
384,ALPAW
385,ALPN
386,ALPP
387,ALR
388,ALRM
389,ALRN
390,ALRS
391,ALSA
392,ALSAR
393,ALSAU
394,ALSAW
395,ALSN
396,ALT
397,ALTG
398,ALTG^A
399,ALTO
400,ALTR
401,ALTU
402,ALTUU
403,ALTUW
404,ALV
405,ALVO
406,ALVOW
407,ALVR
408,ALX
409,ALXO
410,ALYA
411,ALZN
412,AM
413,AMAL
414,AMAM
415,AMAO
416,AMAOW
417,AMAT
418,AMBA
419,AMBC
420,AMBO
421,AMBP
422,AMC
423,AMCI
424,AMCIW
425,AMCR
426,AMCX
427,AMD
428,AME
429,AMED
430,AMEH
431,AMG
432,AMGN
433,AMH
434,AMH^G
435,AMH^H
436,AMK
437,AMKR
438,AMLX
439,AMN
440,AMNB
441,AMOT
442,AMOV
443,AMP
444,AMPE
445,AMPG
446,AMPGW
447,AMPH
448,AMPI
449,AMPL
450,AMPS
451,AMPY
452,AMR
453,AMRC
454,AMRK
455,AMRN
456,AMRS
457,AMRX
458,AMS
459,AMSC
460,AMSF
461,AMST
462,AMSWA
463,AMT
464,AMTB
465,AMTD
466,AMTI
467,AMTX
468,AMWD
469,AMWL
470,AMX
471,AMYT
472,AMZN
473,AN
474,ANAB
475,ANAC
476,ANDE
477,ANEB
478,ANET
479,ANF
480,ANGH
481,ANGHW
482,ANGI
483,ANGN
484,ANGO
485,ANIK
486,ANIP
487,ANIX
488,ANNX
489,ANPC
490,ANSS
491,ANTE
492,ANTX
493,ANVS
494,ANY
495,ANZU
496,ANZUU
497,ANZUW
498,AOD
499,AOGO
500,AOGOU
501,AOGOW
502,AOMR
503,AON
504,AORT
505,AOS
506,AOSL
507,AOUT
508,AP
509,APA
510,APAC
511,APACU
512,APACW
513,APAM
514,APCA
515,APCX
516,APCXW
517,APD
518,APDN
519,APEI
520,APEN
521,APG
522,APGB
523,APH
524,API
525,APLD
526,APLE
527,APLS
528,APLT
529,APM
530,APMI
531,APMIW
532,APN
533,APO
534,APOG
535,APP
536,APPF
537,APPH
538,APPHW
539,APPN
540,APPS
541,APRE
542,APRN
543,APT
544,APTM
545,APTO
546,APTV
547,APTV^A
548,APTX
549,APVO
550,APWC
551,APYX
552,AQB
553,AQMS
554,AQN
555,AQNA
556,AQNB
557,AQNU
558,AQST
559,AQUA
560,AR
561,ARAV
562,ARAY
563,ARBE
564,ARBEW
565,ARBG
566,ARBGW
567,ARBK
568,ARBKL
569,ARC
570,ARCB
571,ARCC
572,ARCE
573,ARCH
574,ARCK
575,ARCKW
576,ARCO
577,ARCT
578,ARDC
579,ARDS
580,ARDX
581,ARE
582,AREB
583,AREBW
584,AREC
585,AREN
586,ARES
587,ARGD
588,ARGO
589,ARGO^A
590,ARGU
591,ARGUU
592,ARGUW
593,ARGX
594,ARHS
595,ARI
596,ARIS
597,ARIZ
598,ARIZR
599,ARIZW
600,ARKO
601,ARKOW
602,ARKR
603,ARL
604,ARLO
605,ARLP
606,ARMK
607,ARMP
608,ARNC
609,AROC
610,AROW
611,ARQQ
612,ARQQW
613,ARQT
614,ARR
615,ARR^C
616,ARRW
617,ARRWU
618,ARRWW
619,ARRY
620,ARTE
621,ARTEU
622,ARTEW
623,ARTL
624,ARTLW
625,ARTNA
626,ARTW
627,ARVL
628,ARVN
629,ARW
630,ARWR
631,ARYD
632,ARYE
633,ASA
634,ASAI
635,ASAN
636,ASAQ
637,ASAX
638,ASB
639,ASB^E
640,ASB^F
641,ASC
642,ASCA
643,ASCB
644,ASCBR
645,ASCBU
646,ASCBW
647,ASG
648,ASGI
649,ASGN
650,ASH
651,ASIX
652,ASLE
653,ASLN
654,ASM
655,ASMB
656,ASML
657,ASND
658,ASNS
659,ASO
660,ASPA
661,ASPAU
662,ASPAW
663,ASPC
664,ASPCU
665,ASPCW
666,ASPN
667,ASPS
668,ASPU
669,ASR
670,ASRT
671,ASRV
672,ASTC
673,ASTE
674,ASTL
675,ASTLW
676,ASTR
677,ASTS
678,ASTSW
679,ASUR
680,ASX
681,ASXC
682,ASYS
683,ASZ
684,ATA
685,ATAI
686,ATAK
687,ATAKR
688,ATAKU
689,ATAKW
690,ATAQ
691,ATAX
692,ATC
693,ATCO
694,ATCO^D
695,ATCO^H
696,ATCO^I
697,ATCOL
698,ATCX
699,ATEC
700,ATEK
701,ATEN
702,ATER
703,ATEX
704,ATGE
705,ATH^A
706,ATH^B
707,ATH^C
708,ATH^D
709,ATHA
710,ATHE
711,ATHM
712,ATHX
713,ATI
714,ATIF
715,ATIP
716,ATKR
717,ATLC
718,ATLCL
719,ATLCP
720,ATLO
721,ATNF
722,ATNFW
723,ATNI
724,ATNM
725,ATNX
726,ATO
727,ATOM
728,ATOS
729,ATR
730,ATRA
731,ATRC
732,ATRI
733,ATRO
734,ATSG
735,ATTO
736,ATUS
737,ATVI
738,ATXI
739,ATXS
740,ATY
741,AU
742,AUB
743,AUBAP
744,AUBN
745,AUD
746,AUDC
747,AUGX
748,AUID
749,AUMN
750,AUPH
751,AUR
752,AURA
753,AURC
754,AURCU
755,AURCW
756,AUROW
757,AUS
758,AUST
759,AUTL
760,AUTO
761,AUUD
762,AUUDW
763,AUVI
764,AUVIP
765,AUY
766,AVA
767,AVAC
768,AVAH
769,AVAL
770,AVAN
771,AVAV
772,AVB
773,AVCO
774,AVCT
775,AVCTW
776,AVD
777,AVDL
778,AVDX
779,AVEO
780,AVGO
781,AVGOP
782,AVGR
783,AVHI
784,AVID
785,AVIR
786,AVK
787,AVLR
788,AVNS
789,AVNT
790,AVNW
791,AVO
792,AVPT
793,AVPTW
794,AVRO
795,AVT
796,AVTE
797,AVTR
798,AVTX
799,AVXL
800,AVY
801,AVYA
802,AWF
803,AWH
804,AWI
805,AWK
806,AWP
807,AWR
808,AWRE
809,AWX
810,AX
811,AXAC
812,AXDX
813,AXGN
814,AXH
815,AXL
816,AXLA
817,AXNX
818,AXON
819,AXP
820,AXR
821,AXS
822,AXS^E
823,AXSM
824,AXTA
825,AXTI
826,AXU
827,AY
828,AYI
829,AYLA
830,AYRO
831,AYTU
832,AYX
833,AZ
834,AZEK
835,AZN
836,AZO
837,AZPN
838,AZRE
839,AZTA
840,AZUL
841,AZYO
842,AZZ
843,B
844,BA
845,BABA
846,BAC
847,BAC^B
848,BAC^E
849,BAC^K
850,BAC^L
851,BAC^M
852,BAC^N
853,BAC^O
854,BAC^P
855,BAC^Q
856,BAC^S
857,BACA
858,BAFN
859,BAH
860,BAK
861,BALL
862,BALY
863,BAM
864,BAMH
865,BAMI
866,BAMR
867,BANC
868,BAND
869,BANF
870,BANFP
871,BANR
872,BANX
873,BAOS
874,BAP
875,BARK
876,BASE
877,BATL
878,BATRA
879,BATRK
880,BAX
881,BB
882,BBAI
883,BBAR
884,BBBY
885,BBCP
886,BBD
887,BBDC
888,BBDO
889,BBGI
890,BBI
891,BBIG
892,BBIO
893,BBLG
894,BBLGW
895,BBLN
896,BBN
897,BBQ
898,BBSI
899,BBU
900,BBUC
901,BBVA
902,BBW
903,BBWI
904,BBY
905,BC
906,BC^A
907,BC^B
908,BC^C
909,BCAB
910,BCAC
911,BCACU
912,BCACW
913,BCAN
914,BCAT
915,BCBP
916,BCC
917,BCDA
918,BCDAW
919,BCE
920,BCEL
921,BCH
922,BCLI
923,BCML
924,BCO
925,BCOR
926,BCOV
927,BCOW
928,BCPC
929,BCRX
930,BCS
931,BCSA
932,BCSAU
933,BCSAW
934,BCSF
935,BCTX
936,BCTXW
937,BCV
938,BCV^A
939,BCX
940,BCYC
941,BDC
942,BDJ
943,BDL
944,BDN
945,BDSX
946,BDTX
947,BDX
948,BDXB
949,BE
950,BEAM
951,BEAT
952,BEATW
953,BECN
954,BEDU
955,BEEM
956,BEEMW
957,BEKE
958,BELFA
959,BELFB
960,BEN
961,BENE
962,BENER
963,BENEW
964,BEP
965,BEP^A
966,BEPC
967,BEPH
968,BEPI
969,BERY
970,BEST
971,BF/A
972,BF/B
973,BFAC
974,BFAM
975,BFC
976,BFH
977,BFI
978,BFIIW
979,BFIN
980,BFK
981,BFLY
982,BFRI
983,BFRIW
984,BFS
985,BFS^D
986,BFS^E
987,BFST
988,BFZ
989,BG
990,BGB
991,BGCP
992,BGFV
993,BGH
994,BGI
995,BGNE
996,BGR
997,BGRY
998,BGRYW
999,BGS
1000,BGSF
1001,BGSX
1002,BGT
1003,BGX
1004,BGXX
1005,BGY
1006,BH
1007,BHAC
1008,BHAT
1009,BHB
1010,BHC
1011,BHE
1012,BHF
1013,BHFAL
1014,BHFAM
1015,BHFAN
1016,BHFAO
1017,BHFAP
1018,BHG
1019,BHIL
1020,BHK
1021,BHLB
1022,BHP
1023,BHR
1024,BHR^B
1025,BHR^D
1026,BHSE
1027,BHSEW
1028,BHV
1029,BHVN
1030,BIDU
1031,BIG
1032,BIGC
1033,BIGZ
1034,BIIB
1035,BILI
1036,BILL
1037,BIMI
1038,BIO
1039,BIO/B
1040,BIOC
1041,BIOL
1042,BIOR
1043,BIOS
1044,BIOSU
1045,BIOSW
1046,BIOT
1047,BIOTU
1048,BIOTW
1049,BIOX
1050,BIP
1051,BIP^A
1052,BIP^B
1053,BIPC
1054,BIPH
1055,BIPI
1056,BIRD
1057,BIT
1058,BITE
1059,BITF
1060,BIVI
1061,BJ
1062,BJDX
1063,BJRI
1064,BK
1065,BKCC
1066,BKD
1067,BKE
1068,BKEP
1069,BKEPP
1070,BKH
1071,BKI
1072,BKKT
1073,BKN
1074,BKNG
1075,BKR
1076,BKSC
1077,BKSY
1078,BKT
1079,BKTI
1080,BKU
1081,BKYI
1082,BL
1083,BLBD
1084,BLBX
1085,BLCM
1086,BLCO
1087,BLCT
1088,BLD
1089,BLDE
1090,BLDEW
1091,BLDP
1092,BLDR
1093,BLE
1094,BLEU
1095,BLEUR
1096,BLEUU
1097,BLEUW
1098,BLFS
1099,BLFY
1100,BLI
1101,BLIN
1102,BLK
1103,BLKB
1104,BLMN
1105,BLND
1106,BLNGU
1107,BLNK
1108,BLNKW
1109,BLPH
1110,BLRX
1111,BLSA
1112,BLTE
1113,BLTS
1114,BLTSU
1115,BLTSW
1116,BLU
1117,BLUA
1118,BLUE
1119,BLW
1120,BLX
1121,BLZE
1122,BMA
1123,BMAC
1124,BMAQ
1125,BMAQR
1126,BMAQU
1127,BMAQW
1128,BMBL
1129,BME
1130,BMEA
1131,BMEZ
1132,BMI
1133,BML^G
1134,BML^H
1135,BML^J
1136,BML^L
1137,BMO
1138,BMRA
1139,BMRC
1140,BMRN
1141,BMTX
1142,BMY
1143,BNED
1144,BNFT
1145,BNGO
1146,BNGOW
1147,BNIX
1148,BNIXR
1149,BNL
1150,BNNR
1151,BNNRU
1152,BNNRW
1153,BNOX
1154,BNR
1155,BNRG
1156,BNS
1157,BNSO
1158,BNTC
1159,BNTX
1160,BNY
1161,BOAC
1162,BOAS
1163,BOC
1164,BOCN
1165,BOCNU
1166,BODY
1167,BOE
1168,BOH
1169,BOH^A
1170,BOKF
1171,BOLT
1172,BON
1173,BOOM
1174,BOOT
1175,BORR
1176,BOSC
1177,BOTJ
1178,BOWL
1179,BOX
1180,BOXD
1181,BOXL
1182,BP
1183,BPMC
1184,BPOP
1185,BPOPM
1186,BPRN
1187,BPT
1188,BPTH
1189,BPTS
1190,BPYPM
1191,BPYPN
1192,BPYPO
1193,BPYPP
1194,BQ
1195,BR
1196,BRAC
1197,BRACR
1198,BRAG
1199,BRBR
1200,BRBS
1201,BRC
1202,BRCC
1203,BRCN
1204,BRD
1205,BRDG
1206,BRDS
1207,BREZ
1208,BREZR
1209,BREZW
1210,BRFH
1211,BRFS
1212,BRG
1213,BRG^C
1214,BRG^D
1215,BRID
1216,BRIV
1217,BRIVU
1218,BRIVW
1219,BRK/A
1220,BRK/B
1221,BRKH
1222,BRKHU
1223,BRKHW
1224,BRKL
1225,BRKR
1226,BRLI
1227,BRLIR
1228,BRLIW
1229,BRLT
1230,BRMK
1231,BRN
1232,BRO
1233,BROG
1234,BROGW
1235,BROS
1236,BRP
1237,BRQS
1238,BRSP
1239,BRT
1240,BRTX
1241,BRW
1242,BRX
1243,BRY
1244,BRZE
1245,BSAC
1246,BSAQ
1247,BSBK
1248,BSBR
1249,BSET
1250,BSFC
1251,BSGA
1252,BSGAR
1253,BSGAU
1254,BSGM
1255,BSIG
1256,BSKY
1257,BSKYU
1258,BSKYW
1259,BSL
1260,BSM
1261,BSMX
1262,BSQR
1263,BSRR
1264,BST
1265,BSTZ
1266,BSVN
1267,BSX
1268,BSX^A
1269,BSY
1270,BTA
1271,BTAI
1272,BTB
1273,BTBD
1274,BTBDW
1275,BTBT
1276,BTCM
1277,BTCS
1278,BTCY
1279,BTG
1280,BTI
1281,BTN
1282,BTO
1283,BTOG
1284,BTRS
1285,BTT
1286,BTTR
1287,BTTX
1288,BTU
1289,BTWN
1290,BTWNU
1291,BTWNW
1292,BTX
1293,BTZ
1294,BUD
1295,BUI
1296,BUR
1297,BURL
1298,BUSE
1299,BV
1300,BVH
1301,BVN
1302,BVS
1303,BVXV
1304,BW
1305,BW^A
1306,BWA
1307,BWAC
1308,BWACW
1309,BWAY
1310,BWB
1311,BWBBP
1312,BWC
1313,BWCAW
1314,BWEN
1315,BWFG
1316,BWG
1317,BWMN
1318,BWMX
1319,BWNB
1320,BWSN
1321,BWV
1322,BWXT
1323,BX
1324,BXC
1325,BXMT
1326,BXMX
1327,BXP
1328,BXRX
1329,BXSL
1330,BY
1331,BYD
1332,BYFC
1333,BYM
1334,BYN
1335,BYND
1336,BYNO
1337,BYRN
1338,BYSI
1339,BYTS
1340,BZ
1341,BZFD
1342,BZFDW
1343,BZH
1344,BZUN
1345,C
1346,C^J
1347,C^K
1348,C^N
1349,CAAP
1350,CAAS
1351,CABA
1352,CABO
1353,CAC
1354,CACC
1355,CACI
1356,CADE
1357,CADE^A
1358,CADL
1359,CAE
1360,CAF
1361,CAG
1362,CAH
1363,CAJ
1364,CAKE
1365,CAL
1366,CALA
1367,CALB
1368,CALM
1369,CALT
1370,CALX
1371,CAMP
1372,CAMT
1373,CAN
1374,CANF
1375,CANG
1376,CANO
1377,CAPD
1378,CAPL
1379,CAPR
1380,CAR
1381,CARA
1382,CARE
1383,CARG
1384,CARR
1385,CARS
1386,CARV
1387,CASA
1388,CASH
1389,CASI
1390,CASS
1391,CASY
1392,CAT
1393,CATC
1394,CATO
1395,CATY
1396,CB
1397,CBAN
1398,CBAT
1399,CBAY
1400,CBD
1401,CBFV
1402,CBH
1403,CBIO
1404,CBL
1405,CBNK
1406,CBOE
1407,CBRE
1408,CBRG
1409,CBRGU
1410,CBRL
1411,CBSH
1412,CBT
1413,CBTX
1414,CBU
1415,CBZ
1416,CC
1417,CCAI
1418,CCAIU
1419,CCAIW
1420,CCAP
1421,CCB
1422,CCBG
1423,CCCC
1424,CCCS
1425,CCD
1426,CCEL
1427,CCEP
1428,CCF
1429,CCI
1430,CCJ
1431,CCK
1432,CCL
1433,CCLP
1434,CCM
1435,CCNC
1436,CCNE
1437,CCNEP
1438,CCO
1439,CCOI
1440,CCRD
1441,CCRN
1442,CCS
1443,CCSI
1444,CCTS
1445,CCU
1446,CCV
1447,CCVI
1448,CCXI
1449,CCZ
1450,CD
1451,CDAK
1452,CDAQ
1453,CDAY
1454,CDE
1455,CDEV
1456,CDLX
1457,CDMO
1458,CDNA
1459,CDNS
1460,CDR
1461,CDR^B
1462,CDR^C
1463,CDRE
1464,CDRO
1465,CDROW
1466,CDTX
1467,CDW
1468,CDXC
1469,CDXS
1470,CDZI
1471,CDZIP
1472,CE
1473,CEA
1474,CEAD
1475,CEADW
1476,CECE
1477,CEE
1478,CEG
1479,CEI
1480,CEIX
1481,CELC
1482,CELH
1483,CELU
1484,CELUW
1485,CELZ
1486,CEM
1487,CEMI
1488,CEN
1489,CENN
1490,CENQU
1491,CENQW
1492,CENT
1493,CENTA
1494,CENX
1495,CEPU
1496,CEQP
1497,CEQP^
1498,CERE
1499,CERS
1500,CERT
1501,CET
1502,CETX
1503,CETXP
1504,CEV
1505,CEVA
1506,CF
1507,CFB
1508,CFBK
1509,CFFE
1510,CFFEW
1511,CFFI
1512,CFFN
1513,CFFS
1514,CFFSU
1515,CFFSW
1516,CFG
1517,CFG^D
1518,CFG^E
1519,CFIV
1520,CFIVU
1521,CFIVW
1522,CFLT
1523,CFMS
1524,CFR
1525,CFR^B
1526,CFRX
1527,CFSB
1528,CFVI
1529,CFVIU
1530,CFVIW
1531,CG
1532,CGA
1533,CGABL
1534,CGAU
1535,CGBD
1536,CGC
1537,CGEM
1538,CGEN
1539,CGNT
1540,CGNX
1541,CGO
1542,CGRN
1543,CGTX
1544,CHAA
1545,CHCI
1546,CHCO
1547,CHCT
1548,CHD
1549,CHDN
1550,CHE
1551,CHEA
1552,CHEAU
1553,CHEAW
1554,CHEF
1555,CHEK
1556,CHEKZ
1557,CHGG
1558,CHH
1559,CHI
1560,CHK
1561,CHKEL
1562,CHKEW
1563,CHKEZ
1564,CHKP
1565,CHMG
1566,CHMI
1567,CHMI^A
1568,CHMI^B
1569,CHN
1570,CHNG
1571,CHNR
1572,CHPT
1573,CHRA
1574,CHRB
1575,CHRD
1576,CHRS
1577,CHRW
1578,CHS
1579,CHSCL
1580,CHSCM
1581,CHSCN
1582,CHSCO
1583,CHSCP
1584,CHT
1585,CHTR
1586,CHUY
1587,CHW
1588,CHWA
1589,CHWAU
1590,CHWAW
1591,CHWY
1592,CHX
1593,CHY
1594,CI
1595,CIA
1596,CIB
1597,CIDM
1598,CIEN
1599,CIF
1600,CIFR
1601,CIFRW
1602,CIG
1603,CIGI
1604,CIH
1605,CII
1606,CIIG
1607,CIIGU
1608,CIIGW
1609,CIK
1610,CIM
1611,CIM^A
1612,CIM^B
1613,CIM^C
1614,CIM^D
1615,CINC
1616,CINF
1617,CING
1618,CINGW
1619,CINT
1620,CIO
1621,CIO^A
1622,CION
1623,CIR
1624,CISO
1625,CITE
1626,CIVB
1627,CIVI
1628,CIX
1629,CIXX
1630,CIZN
1631,CJJD
1632,CKPT
1633,CKX
1634,CL
1635,CLAA
1636,CLAQ
1637,CLAQU
1638,CLAR
1639,CLAS
1640,CLAY
1641,CLAYW
1642,CLB
1643,CLBK
1644,CLBR
1645,CLBS
1646,CLBT
1647,CLDT
1648,CLDT^A
1649,CLDX
1650,CLEU
1651,CLF
1652,CLFD
1653,CLGN
1654,CLH
1655,CLIM
1656,CLIN
1657,CLINR
1658,CLINU
1659,CLIR
1660,CLLS
1661,CLM
1662,CLMT
1663,CLNE
1664,CLNN
1665,CLNNW
1666,CLOE
1667,CLOER
1668,CLOV
1669,CLPR
1670,CLPS
1671,CLPT
1672,CLR
1673,CLRB
1674,CLRC
1675,CLRCR
1676,CLRM
1677,CLRMW
1678,CLRO
1679,CLS
1680,CLSD
1681,CLSK
1682,CLSN
1683,CLST
1684,CLVR
1685,CLVRW
1686,CLVS
1687,CLVT
1688,CLVT^A
1689,CLW
1690,CLWT
1691,CLX
1692,CLXT
1693,CM
1694,CMA
1695,CMAX
1696,CMAXW
1697,CMBM
1698,CMC
1699,CMCA
1700,CMCL
1701,CMCM
1702,CMCO
1703,CMCSA
1704,CMCT
1705,CME
1706,CMG
1707,CMI
1708,CMLS
1709,CMMB
1710,CMP
1711,CMPO
1712,CMPOW
1713,CMPR
1714,CMPS
1715,CMPX
1716,CMRA
1717,CMRAW
1718,CMRE
1719,CMRE^B
1720,CMRE^C
1721,CMRE^D
1722,CMRE^E
1723,CMRX
1724,CMS
1725,CMS^B
1726,CMS^C
1727,CMSA
1728,CMSC
1729,CMSD
1730,CMT
1731,CMTG
1732,CMTL
1733,CMU
1734,CNA
1735,CNC
1736,CNCE
1737,CND
1738,CNDA
1739,CNDB
1740,CNDT
1741,CNET
1742,CNEY
1743,CNF
1744,CNFR
1745,CNFRL
1746,CNGL
1747,CNGLU
1748,CNGLW
1749,CNHI
1750,CNI
1751,CNK
1752,CNM
1753,CNMD
1754,CNNB
1755,CNNE
1756,CNO
1757,CNO^A
1758,CNOB
1759,CNOBP
1760,CNP
1761,CNQ
1762,CNS
1763,CNSL
1764,CNSP
1765,CNTA
1766,CNTB
1767,CNTG
1768,CNTQ
1769,CNTQU
1770,CNTQW
1771,CNTX
1772,CNTY
1773,CNVY
1774,CNX
1775,CNXA
1776,CNXC
1777,CNXN
1778,CO
1779,COCO
1780,COCP
1781,CODA
1782,CODI
1783,CODI^A
1784,CODI^B
1785,CODI^C
1786,CODX
1787,COE
1788,COF
1789,COF^I
1790,COF^J
1791,COF^K
1792,COF^L
1793,COF^N
1794,COFS
1795,COGT
1796,COHN
1797,COHU
1798,COIN
1799,COKE
1800,COLB
1801,COLD
1802,COLI
1803,COLIU
1804,COLIW
1805,COLL
1806,COLM
1807,COMM
1808,COMP
1809,COMS
1810,COMSP
1811,COMSW
1812,CONN
1813,CONX
1814,CONXU
1815,CONXW
1816,COO
1817,COOK
1818,COOL
1819,COOLU
1820,COOLW
1821,COOP
1822,COP
1823,CORR
1824,CORR^A
1825,CORS
1826,CORT
1827,CORZ
1828,CORZW
1829,COSM
1830,COST
1831,COTY
1832,COUP
1833,COUR
1834,COVA
1835,COVAU
1836,COVAW
1837,COWN
1838,COWNL
1839,CP
1840,CPA
1841,CPAA
1842,CPAAU
1843,CPAC
1844,CPAQU
1845,CPAQW
1846,CPAR
1847,CPARU
1848,CPARW
1849,CPB
1850,CPE
1851,CPF
1852,CPG
1853,CPHC
1854,CPHI
1855,CPIX
1856,CPK
1857,CPLP
1858,CPNG
1859,CPOP
1860,CPRI
1861,CPRT
1862,CPRX
1863,CPS
1864,CPSH
1865,CPSI
1866,CPSS
1867,CPT
1868,CPTK
1869,CPTN
1870,CPTNW
1871,CPUH
1872,CPZ
1873,CQP
1874,CR
1875,CRAI
1876,CRBP
1877,CRBU
1878,CRC
1879,CRCT
1880,CRD/A
1881,CRD/B
1882,CRDF
1883,CRDL
1884,CRDO
1885,CREC
1886,CREG
1887,CRESW
1888,CRESY
1889,CREX
1890,CREXW
1891,CRF
1892,CRGE
1893,CRGY
1894,CRH
1895,CRHC
1896,CRI
1897,CRIS
1898,CRK
1899,CRKN
1900,CRL
1901,CRM
1902,CRMD
1903,CRMT
1904,CRNC
1905,CRNT
1906,CRNX
1907,CRON
1908,CROX
1909,CRS
1910,CRSP
1911,CRSR
1912,CRT
1913,CRTD
1914,CRTDW
1915,CRTO
1916,CRTX
1917,CRU
1918,CRUS
1919,CRVL
1920,CRVS
1921,CRWD
1922,CRWS
1923,CRXT
1924,CRXTW
1925,CRZN
1926,CRZNU
1927,CS
1928,CSAN
1929,CSBR
1930,CSCO
1931,CSCW
1932,CSGP
1933,CSGS
1934,CSII
1935,CSIQ
1936,CSL
1937,CSLM
1938,CSLMW
1939,CSPI
1940,CSQ
1941,CSR
1942,CSR^C
1943,CSSE
1944,CSSEN
1945,CSSEP
1946,CSTA
1947,CSTE
1948,CSTL
1949,CSTM
1950,CSTR
1951,CSV
1952,CSWC
1953,CSWI
1954,CSX
1955,CTA^A
1956,CTA^B
1957,CTAQ
1958,CTAQU
1959,CTAS
1960,CTBB
1961,CTBI
1962,CTDD
1963,CTEK
1964,CTG
1965,CTGO
1966,CTHR
1967,CTIB
1968,CTIC
1969,CTKB
1970,CTLP
1971,CTLT
1972,CTMX
1973,CTO
1974,CTO^A
1975,CTOS
1976,CTR
1977,CTRA
1978,CTRE
1979,CTRM
1980,CTRN
1981,CTS
1982,CTSH
1983,CTSO
1984,CTT
1985,CTV
1986,CTVA
1987,CTXR
1988,CTXRW
1989,CTXS
1990,CUBA
1991,CUBB
1992,CUBE
1993,CUBI
1994,CUBI^E
1995,CUBI^F
1996,CUE
1997,CUEN
1998,CUK
1999,CULL
2000,CULP
2001,CURI
2002,CURIW
2003,CURO
2004,CURV
2005,CUTR
2006,CUZ
2007,CVAC
2008,CVBF
2009,CVCO
2010,CVCY
2011,CVE
2012,CVEO
2013,CVET
2014,CVGI
2015,CVGW
2016,CVI
2017,CVII
2018,CVLG
2019,CVLT
2020,CVLY
2021,CVM
2022,CVNA
2023,CVR
2024,CVRX
2025,CVS
2026,CVT
2027,CVV
2028,CVX
2029,CW
2030,CWAN
2031,CWBC
2032,CWBR
2033,CWCO
2034,CWEN
2035,CWH
2036,CWK
2037,CWST
2038,CWT
2039,CX
2040,CXAC
2041,CXDO
2042,CXE
2043,CXH
2044,CXM
2045,CXW
2046,CYAD
2047,CYAN
2048,CYBE
2049,CYBN
2050,CYBR
2051,CYCC
2052,CYCCP
2053,CYCN
2054,CYD
2055,CYH
2056,CYN
2057,CYRN
2058,CYRX
2059,CYT
2060,CYTH
2061,CYTK
2062,CYTO
2063,CYXT
2064,CZFS
2065,CZNC
2066,CZOO
2067,CZR
2068,CZWI
2069,D
2070,DAC
2071,DADA
2072,DAIO
2073,DAKT
2074,DAL
2075,DALN
2076,DALS
2077,DAN
2078,DAO
2079,DAOO
2080,DAOOU
2081,DAOOW
2082,DAR
2083,DARE
2084,DASH
2085,DATS
2086,DATSW
2087,DAVA
2088,DAVE
2089,DAVEW
2090,DAWN
2091,DB
2092,DBD
2093,DBGI
2094,DBGIW
2095,DBI
2096,DBL
2097,DBRG
2098,DBRG^H
2099,DBRG^I
2100,DBRG^J
2101,DBTX
2102,DBVT
2103,DBX
2104,DC
2105,DCBO
2106,DCF
2107,DCFC
2108,DCFCW
2109,DCGO
2110,DCGOW
2111,DCI
2112,DCO
2113,DCOM
2114,DCOMP
2115,DCP
2116,DCP^B
2117,DCP^C
2118,DCPH
2119,DCRD
2120,DCRDU
2121,DCRDW
2122,DCT
2123,DCTH
2124,DD
2125,DDD
2126,DDF
2127,DDI
2128,DDL
2129,DDOG
2130,DDS
2131,DDT
2132,DE
2133,DEA
2134,DECA
2135,DECAU
2136,DECAW
2137,DECK
2138,DEI
2139,DELL
2140,DEN
2141,DENN
2142,DEO
2143,DERM
2144,DESP
2145,DEX
2146,DFFN
2147,DFH
2148,DFIN
2149,DFP
2150,DFS
2151,DG
2152,DGHI
2153,DGICA
2154,DGICB
2155,DGII
2156,DGLY
2157,DGNU
2158,DGX
2159,DH
2160,DHAC
2161,DHACW
2162,DHBC
2163,DHBCU
2164,DHBCW
2165,DHC
2166,DHCA
2167,DHCAU
2168,DHCAW
2169,DHCNI
2170,DHCNL
2171,DHF
2172,DHHC
2173,DHHCU
2174,DHI
2175,DHIL
2176,DHR
2177,DHR^B
2178,DHT
2179,DHX
2180,DHY
2181,DIAX
2182,DIBS
2183,DICE
2184,DILA
2185,DIN
2186,DINO
2187,DIOD
2188,DIS
2189,DISA
2190,DISAU
2191,DISAW
2192,DISH
2193,DIT
2194,DJCO
2195,DK
2196,DKDCA
2197,DKDCU
2198,DKDCW
2199,DKL
2200,DKNG
2201,DKS
2202,DLA
2203,DLB
2204,DLCA
2205,DLCAU
2206,DLCAW
2207,DLHC
2208,DLNG
2209,DLNG^A
2210,DLNG^B
2211,DLO
2212,DLPN
2213,DLR
2214,DLR^J
2215,DLR^K
2216,DLR^L
2217,DLTH
2218,DLTR
2219,DLX
2220,DLY
2221,DM
2222,DMA
2223,DMAC
2224,DMAQ
2225,DMAQR
2226,DMB
2227,DMF
2228,DMLP
2229,DMO
2230,DMRC
2231,DMS
2232,DMTK
2233,DMYS
2234,DNA
2235,DNAA
2236,DNAB
2237,DNAD
2238,DNAY
2239,DNB
2240,DNLI
2241,DNMR
2242,DNN
2243,DNOW
2244,DNP
2245,DNUT
2246,DNZ
2247,DO
2248,DOC
2249,DOCN
2250,DOCS
2251,DOCU
2252,DOGZ
2253,DOLE
2254,DOMA
2255,DOMO
2256,DOOO
2257,DOOR
2258,DORM
2259,DOUG
2260,DOV
2261,DOW
2262,DOX
2263,DOYU
2264,DPCS
2265,DPCSW
2266,DPG
2267,DPRO
2268,DPSI
2269,DPZ
2270,DQ
2271,DRAY
2272,DRAYU
2273,DRAYW
2274,DRCT
2275,DRCTW
2276,DRD
2277,DRE
2278,DRH
2279,DRH^A
2280,DRI
2281,DRIO
2282,DRMA
2283,DRMAW
2284,DRQ
2285,DRRX
2286,DRTS
2287,DRTSW
2288,DRTT
2289,DRUG
2290,DRVN
2291,DS
2292,DS^B
2293,DS^C
2294,DS^D
2295,DSAC
2296,DSACU
2297,DSACW
2298,DSAQ
2299,DSEY
2300,DSGN
2301,DSGR
2302,DSGX
2303,DSKE
2304,DSL
2305,DSM
2306,DSP
2307,DSS
2308,DSU
2309,DSWL
2310,DSX
2311,DSX^B
2312,DT
2313,DTB
2314,DTC
2315,DTE
2316,DTEA
2317,DTF
2318,DTG
2319,DTIL
2320,DTLA^
2321,DTM
2322,DTOC
2323,DTOCU
2324,DTOCW
2325,DTP
2326,DTRT
2327,DTRTU
2328,DTRTW
2329,DTSS
2330,DTST
2331,DTSTW
2332,DTW
2333,DUET
2334,DUETW
2335,DUK
2336,DUK^A
2337,DUKB
2338,DUNE
2339,DUNEU
2340,DUNEW
2341,DUO
2342,DUOL
2343,DUOT
2344,DV
2345,DVA
2346,DVAX
2347,DVN
2348,DWAC
2349,DWACU
2350,DWACW
2351,DWIN
2352,DWSN
2353,DX
2354,DX^C
2355,DXC
2356,DXCM
2357,DXF
2358,DXLG
2359,DXPE
2360,DXR
2361,DXYN
2362,DY
2363,DYAI
2364,DYFN
2365,DYN
2366,DYNT
2367,DZSI
2368,E
2369,EA
2370,EAC
2371,EACPU
2372,EACPW
2373,EAD
2374,EAF
2375,EAI
2376,EAR
2377,EARN
2378,EAST
2379,EAT
2380,EB
2381,EBAC
2382,EBACU
2383,EBACW
2384,EBAY
2385,EBC
2386,EBET
2387,EBF
2388,EBIX
2389,EBMT
2390,EBON
2391,EBR
2392,EBS
2393,EBTC
2394,EC
2395,ECAT
2396,ECBK
2397,ECC           
2398,ECC^D
2399,ECCC
2400,ECCV
2401,ECCW
2402,ECCX
2403,ECF
2404,ECF^A
2405,ECL
2406,ECOM          
2407,ECOR
2408,ECPG
2409,ECVT
2410,ED
2411,EDAP
2412,EDBL
2413,EDBLW
2414,EDD
2415,EDF
2416,EDI
2417,EDIT
2418,EDN
2419,EDNC
2420,EDNCU
2421,EDNCW
2422,EDR
2423,EDRY
2424,EDSA
2425,EDTK
2426,EDTX
2427,EDTXW
2428,EDU
2429,EDUC
2430,EE
2431,EEA
2432,EEFT
2433,EEIQ
2434,EEX
2435,EFC
2436,EFC^A
2437,EFC^B
2438,EFL
2439,EFOI
2440,EFR
2441,EFSC
2442,EFSCP
2443,EFT
2444,EFTR
2445,EFTRW
2446,EFX
2447,EGAN
2448,EGBN
2449,EGF
2450,EGGF
2451,EGHT
2452,EGIO
2453,EGLE
2454,EGLX
2455,EGO
2456,EGP
2457,EGRX
2458,EGY
2459,EH
2460,EHAB
2461,EHC
2462,EHI
2463,EHTH
2464,EIC
2465,EICA
2466,EIG
2467,EIGR
2468,EIM
2469,EIX
2470,EJH
2471,EKSO
2472,EL
2473,ELA
2474,ELAN
2475,ELAT
2476,ELBM
2477,ELC
2478,ELDN
2479,ELEV
2480,ELF
2481,ELLO
2482,ELMD
2483,ELOX
2484,ELP
2485,ELS
2486,ELSE
2487,ELTK
2488,ELV
2489,ELVT
2490,ELY
2491,ELYM
2492,ELYS
2493,EM
2494,EMAN
2495,EMBC
2496,EMBK
2497,EMBKW
2498,EMCF
2499,EMD
2500,EME
2501,EMF
2502,EMKR
2503,EML
2504,EMLD
2505,EMLDW
2506,EMN
2507,EMO
2508,EMP
2509,EMR
2510,EMWP
2511,EMX
2512,ENB
2513,ENBA
2514,ENCP
2515,ENCPW
2516,ENDP
2517,ENER
2518,ENERR
2519,ENERU
2520,ENERW
2521,ENFN
2522,ENG
2523,ENIC
2524,ENJ
2525,ENLC
2526,ENLV
2527,ENO
2528,ENOB
2529,ENOV
2530,ENPC
2531,ENPH
2532,ENR
2533,ENS
2534,ENSC
2535,ENSG
2536,ENSV
2537,ENTA
2538,ENTF
2539,ENTFU
2540,ENTG
2541,ENTX
2542,ENTXW
2543,ENV
2544,ENVA
2545,ENVB
2546,ENVX
2547,ENX
2548,ENZ
2549,EOCW
2550,EOD
2551,EOG
2552,EOI
2553,EOLS
2554,EOS
2555,EOSE
2556,EOSEW
2557,EOT
2558,EP
2559,EP^C
2560,EPAC
2561,EPAM
2562,EPC
2563,EPD
2564,EPHY
2565,EPHYU
2566,EPHYW
2567,EPIX
2568,EPM
2569,EPR
2570,EPR^C
2571,EPR^E
2572,EPR^G
2573,EPRT
2574,EPSN
2575,EPWR
2576,EPZM
2577,EQ
2578,EQBK
2579,EQC
2580,EQC^D
2581,EQD
2582,EQH
2583,EQH^A
2584,EQH^C
2585,EQHA
2586,EQIX
2587,EQNR
2588,EQOS
2589,EQR
2590,EQRX
2591,EQRXW
2592,EQS
2593,EQT
2594,EQX
2595,ERAS
2596,ERC
2597,ERES
2598,ERESU
2599,ERESW
2600,ERF
2601,ERH
2602,ERIC
2603,ERIE
2604,ERII
2605,ERJ
2606,ERO
2607,ERYP
2608,ES
2609,ESAB
2610,ESAC
2611,ESCA
2612,ESE
2613,ESEA
2614,ESGR
2615,ESGRO
2616,ESGRP
2617,ESI
2618,ESLT
2619,ESM
2620,ESMT
2621,ESNT
2622,ESOA
2623,ESP
2624,ESPR
2625,ESQ
2626,ESRT
2627,ESS
2628,ESSA
2629,ESSC
2630,ESSCR
2631,ESSCW
2632,ESTA
2633,ESTC
2634,ESTE
2635,ET
2636,ET^C
2637,ET^D
2638,ET^E
2639,ETAC
2640,ETACU
2641,ETACW
2642,ETB
2643,ETD
2644,ETG
2645,ETI^
2646,ETJ
2647,ETN
2648,ETNB
2649,ETO
2650,ETON
2651,ETR
2652,ETRN
2653,ETSY
2654,ETV
2655,ETW
2656,ETWO
2657,ETX           
2658,ETY
2659,EUCR
2660,EUCRU
2661,EUCRW
2662,EURN
2663,EVA
2664,EVAX
2665,EVBG
2666,EVBN
2667,EVC
2668,EVCM
2669,EVE
2670,EVER
2671,EVEX
2672,EVF
2673,EVFM
2674,EVG
2675,EVGN
2676,EVGO
2677,EVGOW
2678,EVGR
2679,EVGRU
2680,EVGRW
2681,EVH
2682,EVI
2683,EVK
2684,EVLMC
2685,EVLO
2686,EVLV
2687,EVLVW
2688,EVM
2689,EVN
2690,EVO
2691,EVOJ
2692,EVOK
2693,EVOP
2694,EVR
2695,EVRG
2696,EVRI
2697,EVT
2698,EVTC
2699,EVTL
2700,EVTV
2701,EVV
2702,EW
2703,EWBC
2704,EWCZ
2705,EWTX
2706,EXAI
2707,EXAS
2708,EXC
2709,EXD
2710,EXEL
2711,EXFY
2712,EXG
2713,EXK
2714,EXLS
2715,EXN
2716,EXP
2717,EXPD
2718,EXPE
2719,EXPI
2720,EXPO
2721,EXPR
2722,EXR
2723,EXTN
2724,EXTR
2725,EYE
2726,EYEN
2727,EYES
2728,EYESW
2729,EYPT
2730,EZFL
2731,EZGO
2732,EZPW
2733,F
2734,F^B
2735,F^C
2736,FA
2737,FACA
2738,FACT
2739,FAF
2740,FAM
2741,FAMI
2742,FANG
2743,FANH
2744,FARM
2745,FARO
2746,FAST
2747,FAT
2748,FATBB
2749,FATBP
2750,FATBW
2751,FATE
2752,FATH
2753,FATP
2754,FATPW
2755,FAX
2756,FAZE
2757,FAZEW
2758,FBC
2759,FBHS
2760,FBIO
2761,FBIOP
2762,FBIZ
2763,FBK
2764,FBMS
2765,FBNC
2766,FBP
2767,FBRT
2768,FBRT^E
2769,FBRX
2770,FC
2771,FCAP
2772,FCAX
2773,FCBC
2774,FCCO
2775,FCEL
2776,FCF
2777,FCFS
2778,FCN
2779,FCNCA
2780,FCNCO
2781,FCNCP
2782,FCO
2783,FCPT
2784,FCRD
2785,FCRX
2786,FCT
2787,FCUV
2788,FCX
2789,FDBC
2790,FDEU
2791,FDMT
2792,FDP
2793,FDS
2794,FDUS
2795,FDX
2796,FE
2797,FEAM
2798,FEDU
2799,FEI           
2800,FEIM
2801,FELE
2802,FEMY
2803,FEN
2804,FENC
2805,FENG
2806,FEO
2807,FERG
2808,FET
2809,FEXD
2810,FEXDR
2811,FEXDU
2812,FEXDW
2813,FF
2814,FFA
2815,FFBC
2816,FFBW
2817,FFC
2818,FFHL
2819,FFIC
2820,FFIE
2821,FFIEW
2822,FFIN
2823,FFIV
2824,FFNW
2825,FFWM
2826,FGB
2827,FGBI
2828,FGBIP
2829,FGEN
2830,FGF
2831,FGFPP
2832,FGI
2833,FGIWW
2834,FGMC
2835,FGMCU
2836,FGMCW
2837,FHB
2838,FHI
2839,FHLT
2840,FHLTU
2841,FHLTW
2842,FHN
2843,FHN^B
2844,FHN^C
2845,FHN^D
2846,FHN^E
2847,FHN^F
2848,FHS
2849,FHTX
2850,FIAC
2851,FIACU
2852,FIACW
2853,FIBK
2854,FICO
2855,FICV
2856,FICVU
2857,FICVW
2858,FIF
2859,FIGS
2860,FINM
2861,FINMU
2862,FINMW
2863,FINS
2864,FINV
2865,FINW
2866,FIPWV
2867,FIS
2868,FISI
2869,FISV
2870,FITB
2871,FITBI
2872,FITBO
2873,FITBP
2874,FIVE
2875,FIVN
2876,FIX
2877,FIXX
2878,FIZZ
2879,FKWL
2880,FL
2881,FLAC
2882,FLACU
2883,FLACW
2884,FLAG
2885,FLC
2886,FLEX
2887,FLFVU
2888,FLGC
2889,FLGT
2890,FLIC
2891,FLL
2892,FLME
2893,FLNC
2894,FLNG
2895,FLNT
2896,FLO
2897,FLR
2898,FLS
2899,FLT
2900,FLUX
2901,FLWS
2902,FLXS
2903,FLYA
2904,FLYW
2905,FMAO
2906,FMBH
2907,FMC
2908,FMIV
2909,FMIVW
2910,FMN
2911,FMNB
2912,FMS
2913,FMTX
2914,FMX
2915,FMY
2916,FN
2917,FNA
2918,FNB
2919,FNB^E
2920,FNCB
2921,FNCH
2922,FND
2923,FNF
2924,FNGR
2925,FNHC
2926,FNKO
2927,FNLC
2928,FNV
2929,FNVT
2930,FNVTW
2931,FNWB
2932,FNWD
2933,FOA
2934,FOCS
2935,FOF
2936,FOLD
2937,FONR
2938,FOR
2939,FORA
2940,FORD
2941,FORG
2942,FORM
2943,FORR
2944,FORTY
2945,FOSL
2946,FOSLL
2947,FOUN
2948,FOUNU
2949,FOUNW
2950,FOUR
2951,FOX
2952,FOXA
2953,FOXF
2954,FOXW
2955,FPAC
2956,FPAY
2957,FPF
2958,FPH
2959,FPI
2960,FPL
2961,FR
2962,FRA
2963,FRAF
2964,FRBA
2965,FRBK
2966,FRBNW
2967,FRC
2968,FRC^H
2969,FRC^I
2970,FRC^J
2971,FRC^K
2972,FRC^L
2973,FRC^M
2974,FRC^N
2975,FRD
2976,FREE
2977,FREQ
2978,FREY
2979,FRG
2980,FRGAP
2981,FRGE
2982,FRGI
2983,FRGT
2984,FRHC
2985,FRLAU
2986,FRLAW
2987,FRLN
2988,FRME
2989,FRMEP
2990,FRO
2991,FROG
2992,FRON
2993,FRONU
2994,FRONW
2995,FRPH
2996,FRPT
2997,FRSG
2998,FRSH
2999,FRST
3000,FRSX
3001,FRT
3002,FRT^C
3003,FRW
3004,FRWAW
3005,FRXB
3006,FSBC
3007,FSBW
3008,FSD
3009,FSEA
3010,FSFG
3011,FSI
3012,FSK
3013,FSLR
3014,FSLY
3015,FSM
3016,FSNB
3017,FSP
3018,FSR
3019,FSRD
3020,FSRDW
3021,FSRX
3022,FSRXU
3023,FSS
3024,FSSI
3025,FSSIU
3026,FSSIW
3027,FST
3028,FSTR
3029,FSTX
3030,FSV
3031,FT
3032,FTAA
3033,FTAAU
3034,FTAAW
3035,FTAI
3036,FTAIN
3037,FTAIO
3038,FTAIP
3039,FTAIV
3040,FTCH
3041,FTCI
3042,FTCV
3043,FTCVU
3044,FTCVW
3045,FTDR
3046,FTEK
3047,FTEV
3048,FTF
3049,FTFT
3050,FTHM
3051,FTHY
3052,FTI
3053,FTII
3054,FTK
3055,FTNT
3056,FTPA
3057,FTPAW
3058,FTRP
3059,FTS
3060,FTV
3061,FTVI
3062,FTVIU
3063,FTVIW
3064,FUBO
3065,FUL
3066,FULC
3067,FULT
3068,FULTP
3069,FUN
3070,FUNC
3071,FUND
3072,FURY
3073,FUSB
3074,FUSN
3075,FUTU
3076,FUV
3077,FVAM
3078,FVCB
3079,FVIV
3080,FVRR
3081,FVT
3082,FWAC
3083,FWBI
3084,FWONA
3085,FWONK
3086,FWP
3087,FWRD
3088,FWRG
3089,FXCO
3090,FXCOR
3091,FXCOW
3092,FXLV
3093,FXNC
3094,FYBR
3095,FZT
3096,G
3097,GAB
3098,GAB^G
3099,GAB^H
3100,GAB^K
3101,GABC
3102,GACQ
3103,GACQU
3104,GAIA
3105,GAIN
3106,GAINN
3107,GAINZ
3108,GALT
3109,GAM
3110,GAM^B
3111,GAMB
3112,GAMC
3113,GAMCW
3114,GAME
3115,GAN
3116,GANX
3117,GAPA
3118,GAQ
3119,GASS
3120,GATE
3121,GATEU
3122,GATEW
3123,GATO
3124,GATX
3125,GAU
3126,GB
3127,GBAB
3128,GBBK
3129,GBBKR
3130,GBBKW
3131,GBCI
3132,GBDC
3133,GBIO
3134,GBL
3135,GBLI
3136,GBNH
3137,GBNY
3138,GBOX
3139,GBR
3140,GBRGR
3141,GBRGW
3142,GBS
3143,GBT
3144,GBTG
3145,GBX
3146,GCBC
3147,GCI
3148,GCMG
3149,GCMGW
3150,GCO
3151,GCP
3152,GCTK
3153,GCV
3154,GD
3155,GDDY
3156,GDEN
3157,GDL
3158,GDL^C
3159,GDNR
3160,GDNRW
3161,GDO
3162,GDOT
3163,GDRX
3164,GDS
3165,GDST
3166,GDSTR
3167,GDSTU
3168,GDV
3169,GDV^H
3170,GDV^K
3171,GDYN
3172,GE
3173,GECC
3174,GECCM
3175,GECCN
3176,GECCO
3177,GEEX
3178,GEEXU
3179,GEEXW
3180,GEF
3181,GEG
3182,GEGGL
3183,GEHI
3184,GEL
3185,GENC
3186,GENE
3187,GENI
3188,GENQU
3189,GEO
3190,GEOS
3191,GER
3192,GERN
3193,GES
3194,GET
3195,GETY
3196,GEVO
3197,GF
3198,GFAI
3199,GFAIW
3200,GFF
3201,GFGD
3202,GFGDW
3203,GFI
3204,GFL
3205,GFLU
3206,GFOR
3207,GFS
3208,GFX
3209,GGAA
3210,GGAAU
3211,GGAAW
3212,GGAL
3213,GGB
3214,GGE
3215,GGG
3216,GGMC
3217,GGMCU
3218,GGN
3219,GGN^B
3220,GGR
3221,GGROW
3222,GGT
3223,GGT^E
3224,GGT^G
3225,GGZ
3226,GH
3227,GHAC
3228,GHACU
3229,GHACW
3230,GHC
3231,GHG
3232,GHIX
3233,GHIXU
3234,GHIXW
3235,GHL
3236,GHLD
3237,GHM
3238,GHRS
3239,GHSI
3240,GHY
3241,GIA
3242,GIAC
3243,GIACW
3244,GIB
3245,GIC
3246,GIFI
3247,GIGM
3248,GIII
3249,GIIX
3250,GIIXU
3251,GIIXW
3252,GIL
3253,GILD
3254,GILT
3255,GIM
3256,GIPR
3257,GIPRW
3258,GIS
3259,GIW
3260,GIWWU
3261,GIWWW
3262,GJH
3263,GJO
3264,GJP
3265,GJR
3266,GJS
3267,GJT
3268,GKOS
3269,GL
3270,GL^D
3271,GLAD
3272,GLBE
3273,GLBL
3274,GLBLW
3275,GLBS
3276,GLBZ
3277,GLDD
3278,GLDG
3279,GLEE
3280,GLEEW
3281,GLG
3282,GLHA
3283,GLHAU
3284,GLHAW
3285,GLLIR
3286,GLLIU
3287,GLLIW
3288,GLMD
3289,GLNG
3290,GLO
3291,GLOB
3292,GLOG^A
3293,GLOP
3294,GLOP^A
3295,GLOP^B
3296,GLOP^C
3297,GLP
3298,GLP^A
3299,GLP^B
3300,GLPG
3301,GLPI
3302,GLQ
3303,GLRE
3304,GLS
3305,GLSI
3306,GLT
3307,GLTA
3308,GLTO
3309,GLU
3310,GLU^A
3311,GLU^B
3312,GLUE
3313,GLV
3314,GLW
3315,GLYC
3316,GM
3317,GMAB
3318,GMBL
3319,GMBLP
3320,GMBLW
3321,GMBLZ
3322,GMDA
3323,GME
3324,GMED
3325,GMFI
3326,GMFIU
3327,GMGI
3328,GMRE
3329,GMRE^A
3330,GMS
3331,GMTX
3332,GMVD
3333,GMVDW
3334,GNAC
3335,GNACU
3336,GNE
3337,GNE^A
3338,GNFT
3339,GNK
3340,GNL
3341,GNL^A
3342,GNL^B
3343,GNLN
3344,GNPX
3345,GNRC
3346,GNS
3347,GNSS
3348,GNT
3349,GNT^A
3350,GNTA
3351,GNTX
3352,GNTY
3353,GNUS
3354,GNW
3355,GO
3356,GOAC
3357,GOBI
3358,GOCO
3359,GOEV
3360,GOEVW
3361,GOF
3362,GOGL
3363,GOGN
3364,GOGO
3365,GOL
3366,GOLD
3367,GOLF
3368,GOOD
3369,GOODN
3370,GOODO
3371,GOOG
3372,GOOGL
3373,GOOS
3374,GORO
3375,GOSS
3376,GOTU
3377,GOVX
3378,GOVXW
3379,GP
3380,GPAC
3381,GPACU
3382,GPACW
3383,GPC
3384,GPCO
3385,GPCOR
3386,GPCOU
3387,GPCOW
3388,GPI
3389,GPJA
3390,GPK
3391,GPL
3392,GPMT
3393,GPMT^A
3394,GPN
3395,GPOR
3396,GPP
3397,GPRE
3398,GPRK
3399,GPRO
3400,GPS
3401,GRAB
3402,GRABW
3403,GRAY
3404,GRBK
3405,GRBK^A
3406,GRC
3407,GRCL
3408,GRCY
3409,GRCYW
3410,GREE
3411,GREEL
3412,GRF
3413,GRFS
3414,GRIL
3415,GRIN
3416,GRMN
3417,GRNA
3418,GRNAW
3419,GRNQ
3420,GROM
3421,GROMW
3422,GROV
3423,GROW
3424,GROY
3425,GRPH
3426,GRPN
3427,GRRR
3428,GRRRW
3429,GRTS
3430,GRTX
3431,GRVI
3432,GRVY
3433,GRWG
3434,GRX
3435,GS
3436,GS^A
3437,GS^C
3438,GS^D
3439,GS^J
3440,GS^K
3441,GSAT
3442,GSBC
3443,GSBD
3444,GSEV
3445,GSEVU
3446,GSEVW
3447,GSHD
3448,GSIT
3449,GSK
3450,GSL
3451,GSL^B
3452,GSM
3453,GSMG
3454,GSMGW
3455,GSQB
3456,GSQD
3457,GSRM
3458,GSRMR
3459,GSRMU
3460,GSRMW
3461,GSUN
3462,GSV
3463,GT
3464,GTAC
3465,GTACW
3466,GTBP
3467,GTE
3468,GTEC
3469,GTES
3470,GTH
3471,GTHX
3472,GTIM
3473,GTLB
3474,GTLS
3475,GTN
3476,GTPA
3477,GTPAU
3478,GTPAW
3479,GTPB
3480,GTPBU
3481,GTPBW
3482,GTX
3483,GTXAP
3484,GTY
3485,GUG
3486,GURE
3487,GUT
3488,GUT^C
3489,GVA
3490,GVCI
3491,GVCIU
3492,GVP
3493,GWAV
3494,GWH
3495,GWII
3496,GWIIW
3497,GWRE
3498,GWRS
3499,GWW
3500,GXII
3501,GXO
3502,GYRO
3503,H
3504,HA
3505,HAAC
3506,HAACU
3507,HAACW
3508,HAE
3509,HAFC
3510,HAIA
3511,HAIN
3512,HAL
3513,HALL
3514,HALO
3515,HAPP
3516,HARP
3517,HAS
3518,HASI
3519,HAYN
3520,HAYW
3521,HBAN
3522,HBANM
3523,HBANP
3524,HBB
3525,HBCP
3526,HBI
3527,HBIO
3528,HBM
3529,HBNC
3530,HBT
3531,HCA
3532,HCAR
3533,HCARU
3534,HCAT
3535,HCC
3536,HCCI
3537,HCDI
3538,HCDIP
3539,HCDIW
3540,HCI
3541,HCIC
3542,HCICU
3543,HCICW
3544,HCII
3545,HCIIU
3546,HCKT
3547,HCM
3548,HCMA
3549,HCMAU
3550,HCMAW
3551,HCNE
3552,HCNEW
3553,HCP
3554,HCSG
3555,HCTI
3556,HCVI
3557,HCVIU
3558,HCVIW
3559,HCWB
3560,HCXY
3561,HD
3562,HDB
3563,HDSN
3564,HE
3565,HEAR
3566,HEES
3567,HEI
3568,HEI/A
3569,HELE
3570,HEP
3571,HEPA
3572,HEPS
3573,HEQ
3574,HERA
3575,HERAU
3576,HERAW
3577,HES
3578,HESM
3579,HEXO
3580,HFBL
3581,HFFG
3582,HFRO
3583,HFRO^A
3584,HFWA
3585,HGBL
3586,HGEN
3587,HGLB
3588,HGTY
3589,HGV
3590,HHC
3591,HHGCW
3592,HHLA
3593,HHS
3594,HI
3595,HIBB
3596,HIE
3597,HIFS
3598,HIG
3599,HIG^G
3600,HIGA
3601,HIHO
3602,HII
3603,HIII
3604,HIIIU
3605,HIL
3606,HILS
3607,HIMS
3608,HIMX
3609,HIO
3610,HIPO
3611,HITI
3612,HIVE
3613,HIW
3614,HIX
3615,HKD
3616,HL
3617,HL^B
3618,HLAH
3619,HLAHU
3620,HLBZ
3621,HLBZW
3622,HLF
3623,HLG
3624,HLGN
3625,HLI
3626,HLIO
3627,HLIT
3628,HLLY
3629,HLMN
3630,HLN
3631,HLNE
3632,HLT
3633,HLTH
3634,HLVX
3635,HLX
3636,HMA
3637,HMC
3638,HMCO
3639,HMCOU
3640,HMCOW
3641,HMLP
3642,HMLP^A
3643,HMN
3644,HMNF
3645,HMPT
3646,HMST
3647,HMTV
3648,HMY
3649,HNGR
3650,HNI
3651,HNNA
3652,HNNAZ
3653,HNRA
3654,HNRG
3655,HNST
3656,HNVR
3657,HNW
3658,HOFT
3659,HOFV
3660,HOFVW
3661,HOG
3662,HOLI
3663,HOLX
3664,HOMB
3665,HON
3666,HONE
3667,HOOD
3668,HOOK
3669,HOPE
3670,HORIU
3671,HORIW
3672,HOTH
3673,HOUR
3674,HOUS
3675,HOV
3676,HOVNP
3677,HOWL
3678,HP
3679,HPE
3680,HPF
3681,HPI
3682,HPK
3683,HPKEW
3684,HPLT
3685,HPLTU
3686,HPP
3687,HPP^C
3688,HPQ
3689,HPS
3690,HPX
3691,HQH
3692,HQI
3693,HQL
3694,HQY
3695,HR
3696,HRB
3697,HRI
3698,HRL
3699,HRMY
3700,HROW
3701,HROWL
3702,HRT
3703,HRTG
3704,HRTX
3705,HRZN
3706,HSAQ
3707,HSBC
3708,HSC
3709,HSCS
3710,HSCSW
3711,HSDT
3712,HSIC
3713,HSII
3714,HSKA
3715,HSON
3716,HST
3717,HSTM
3718,HSTO
3719,HSY
3720,HT
3721,HT^C
3722,HT^D
3723,HT^E
3724,HTAQ
3725,HTBI
3726,HTBK
3727,HTCR
3728,HTD
3729,HTFB
3730,HTFC
3731,HTGC
3732,HTGM
3733,HTH
3734,HTHT
3735,HTIA
3736,HTIBP
3737,HTLD
3738,HTLF
3739,HTLFP
3740,HTOO
3741,HTOOW
3742,HTPA
3743,HTY
3744,HTZ
3745,HTZWW
3746,HUBB
3747,HUBG
3748,HUBS
3749,HUDI
3750,HUGE
3751,HUGS
3752,HUIZ
3753,HUM
3754,HUMA
3755,HUMAW
3756,HUN
3757,HURC
3758,HURN
3759,HUSA
3760,HUT
3761,HUYA
3762,HVBC
3763,HVT
3764,HVT/A
3765,HWBK
3766,HWC
3767,HWCPZ
3768,HWEL
3769,HWELW
3770,HWKN
3771,HWKZ
3772,HWM
3773,HWM^
3774,HXL
3775,HY
3776,HYB
3777,HYFM
3778,HYI
3779,HYLN
3780,HYMC
3781,HYMCL
3782,HYMCW
3783,HYMCZ
3784,HYPR
3785,HYRE
3786,HYT
3787,HYW
3788,HYZN
3789,HYZNW
3790,HZN
3791,HZNP
3792,HZO
3793,HZON
3794,IAA
3795,IAC
3796,IACC
3797,IAE
3798,IAF
3799,IAG
3800,IART
3801,IAS
3802,IAUX
3803,IBA
3804,IBCP
3805,IBER
3806,IBEX
3807,IBIO
3808,IBKR
3809,IBM
3810,IBN
3811,IBOC
3812,IBP
3813,IBRX
3814,IBTX
3815,ICAD
3816,ICCC
3817,ICCH
3818,ICCM
3819,ICD
3820,ICE
3821,ICFI
3822,ICHR
3823,ICL
3824,ICLK
3825,ICLR
3826,ICMB
3827,ICNC
3828,ICPT
3829,ICR^A
3830,ICUI
3831,ICVX
3832,ID
3833,IDA
3834,IDAI
3835,IDBA
3836,IDCC
3837,IDE
3838,IDEX
3839,IDN
3840,IDR
3841,IDRA
3842,IDT
3843,IDW
3844,IDXX
3845,IDYA
3846,IE
3847,IEA
3848,IEAWW
3849,IEP
3850,IESC
3851,IEX
3852,IFBD
3853,IFF
3854,IFN
3855,IFRX
3856,IFS
3857,IGA
3858,IGAC
3859,IGACU
3860,IGACW
3861,IGC
3862,IGD
3863,IGI
3864,IGIC
3865,IGMS
3866,IGNY
3867,IGNYW
3868,IGR
3869,IGT
3870,IGTA
3871,IGTAR
3872,IH
3873,IHD
3874,IHG
3875,IHIT
3876,IHRT
3877,IHS
3878,IHT
3879,IHTA
3880,IIF
3881,III
3882,IIII
3883,IIIIU
3884,IIIIW
3885,IIIN
3886,IIIV
3887,IIM
3888,IINN
3889,IINNW
3890,IIPR
3891,IIPR^A
3892,IIVI
3893,IIVIP
3894,IKNA
3895,IKT
3896,ILAG
3897,ILMN
3898,ILPT
3899,IMAB
3900,IMAC
3901,IMACW
3902,IMAQ
3903,IMAQR
3904,IMAQU
3905,IMAQW
3906,IMAX
3907,IMBI
3908,IMBIL
3909,IMCC
3910,IMCR
3911,IMGN
3912,IMGO
3913,IMH
3914,IMKTA
3915,IMMP
3916,IMMR
3917,IMMX
3918,IMNM
3919,IMO
3920,IMOS
3921,IMPL
3922,IMPP
3923,IMPPP
3924,IMPX
3925,IMRA
3926,IMRN
3927,IMRX
3928,IMTE
3929,IMTX
3930,IMTXW
3931,IMUX
3932,IMV
3933,IMVT
3934,IMXI
3935,INAB
3936,INAQ
3937,INBK
3938,INBKZ
3939,INBX
3940,INCR
3941,INCY
3942,INDB
3943,INDI
3944,INDIW
3945,INDO
3946,INDP
3947,INDT
3948,INFA
3949,INFI
3950,INFN
3951,INFU
3952,INFY
3953,ING
3954,INGN
3955,INGR
3956,INKA
3957,INKAW
3958,INKT
3959,INM
3960,INMB
3961,INMD
3962,INN
3963,INN^E
3964,INN^F
3965,INNV
3966,INO
3967,INOD
3968,INPX
3969,INSE
3970,INSG
3971,INSI
3972,INSM
3973,INSP
3974,INST
3975,INSW
3976,INSW^A
3977,INT
3978,INTA
3979,INTC
3980,INTE
3981,INTEW
3982,INTG
3983,INTR
3984,INTT
3985,INTU
3986,INTZ
3987,INUV
3988,INVA
3989,INVE
3990,INVH
3991,INVO
3992,INVZ
3993,INVZW
3994,INZY
3995,IOAC
3996,IOACU
3997,IOACW
3998,IOBT
3999,IONM
4000,IONQ
4001,IONR
4002,IONS
4003,IOR
4004,IOSP
4005,IOT
4006,IOVA
4007,IP
4008,IPA
4009,IPAR
4010,IPAX
4011,IPAXW
4012,IPDN
4013,IPG
4014,IPGP
4015,IPHA
4016,IPI
4017,IPOD
4018,IPOF
4019,IPSC
4020,IPVA
4021,IPVF
4022,IPVI
4023,IPVIU
4024,IPVIW
4025,IPW
4026,IPWR
4027,IPX
4028,IQ
4029,IQI
4030,IQMD
4031,IQMDU
4032,IQMDW
4033,IQV
4034,IR
4035,IRAA
4036,IRAAU
4037,IRBT
4038,IRDM
4039,IREN
4040,IRIX
4041,IRL
4042,IRM
4043,IRMD
4044,IRNT
4045,IROQ
4046,IRRX
4047,IRS
4048,IRT
4049,IRTC
4050,IRWD
4051,IS
4052,ISAA
4053,ISD
4054,ISDR
4055,ISEE
4056,ISIG
4057,ISLE
4058,ISLEW
4059,ISO
4060,ISPC
4061,ISPO
4062,ISPOW
4063,ISR
4064,ISRG
4065,ISSC
4066,ISTR
4067,ISUN
4068,IT
4069,ITAQ
4070,ITAQU
4071,ITAQW
4072,ITCB
4073,ITCI
4074,ITGR
4075,ITI
4076,ITIC
4077,ITOS
4078,ITP
4079,ITQ
4080,ITQRU
4081,ITQRW
4082,ITRG
4083,ITRI
4084,ITRM
4085,ITRN
4086,ITT
4087,ITUB
4088,ITW
4089,IVA
4090,IVAC
4091,IVC
4092,IVCA
4093,IVCAU
4094,IVCB
4095,IVCBU
4096,IVCBW
4097,IVCP
4098,IVDA
4099,IVH
4100,IVR
4101,IVR^B
4102,IVR^C
4103,IVT
4104,IVZ
4105,IX
4106,IXAQ
4107,IXAQU
4108,IXHL
4109,IZEA
4110,J
4111,JACK
4112,JAGX
4113,JAKK
4114,JAMF
4115,JAN
4116,JANX
4117,JAQC
4118,JAZZ
4119,JBGS
4120,JBHT
4121,JBI
4122,JBK
4123,JBL
4124,JBLU
4125,JBSS
4126,JBT
4127,JCE
4128,JCI
4129,JCIC
4130,JCICU
4131,JCICW
4132,JCSE
4133,JCTCF
4134,JD
4135,JEF
4136,JELD
4137,JEMD
4138,JEQ
4139,JFIN
4140,JFR
4141,JFU
4142,JG
4143,JGGC
4144,JGGCR
4145,JGGCW
4146,JGH
4147,JHAA
4148,JHG
4149,JHI
4150,JHS
4151,JHX
4152,JILL
4153,JJSF
4154,JKHY
4155,JKS
4156,JLL
4157,JLS
4158,JMAC
4159,JMACU
4160,JMACW
4161,JMIA
4162,JMM
4163,JMSB
4164,JNCE
4165,JNJ
4166,JNPR
4167,JOAN
4168,JOB
4169,JOBY
4170,JOE
4171,JOF
4172,JOFF
4173,JOFFU
4174,JOFFW
4175,JOUT
4176,JPC
4177,JPI
4178,JPM
4179,JPM^C
4180,JPM^D
4181,JPM^J
4182,JPM^K
4183,JPM^L
4184,JPM^M
4185,JPS
4186,JPT
4187,JQC
4188,JRI
4189,JRO
4190,JRS
4191,JRSH
4192,JRVR
4193,JSD
4194,JSM
4195,JSPR
4196,JSPRW
4197,JT
4198,JUGG
4199,JUGGW
4200,JUN
4201,JUPW
4202,JUPWW
4203,JVA
4204,JWACR
4205,JWEL
4206,JWN
4207,JWSM
4208,JXN
4209,JYAC
4210,JYNT
4211,JZXN
4212,K
4213,KACL
4214,KACLW
4215,KAHC
4216,KAI
4217,KAII
4218,KAIIU
4219,KAIIW
4220,KAIR
4221,KAIRU
4222,KAIRW
4223,KAL
4224,KALA
4225,KALU
4226,KALV
4227,KALWW
4228,KAMN
4229,KAR
4230,KARO
4231,KAVL
4232,KB
4233,KBAL
4234,KBH
4235,KBNT
4236,KBNTW
4237,KBR
4238,KC
4239,KCGI
4240,KD
4241,KDNY
4242,KDP
4243,KE
4244,KELYA
4245,KELYB
4246,KEN
4247,KEP
4248,KEQU
4249,KERN
4250,KERNW
4251,KEX
4252,KEY
4253,KEY^I
4254,KEY^J
4255,KEY^K
4256,KEYS
4257,KF
4258,KFFB
4259,KFRC
4260,KFS
4261,KFY
4262,KGC
4263,KHC
4264,KIDS
4265,KIII
4266,KIIIU
4267,KIIIW
4268,KIM
4269,KIM^L
4270,KIM^M
4271,KIND
4272,KINS
4273,KINZ
4274,KINZU
4275,KINZW
4276,KIO
4277,KIQ
4278,KIRK
4279,KKR
4280,KKR^C
4281,KKRS
4282,KLAC
4283,KLAQ
4284,KLAQW
4285,KLIC
4286,KLR
4287,KLTR
4288,KLXE
4289,KMB
4290,KMDA
4291,KMF
4292,KMI
4293,KMPB
4294,KMPH
4295,KMPR
4296,KMT
4297,KMX
4298,KN
4299,KNBE
4300,KNDI
4301,KNOP
4302,KNSA
4303,KNSL
4304,KNSW
4305,KNTE
4306,KNTK
4307,KNX
4308,KO
4309,KOD
4310,KODK
4311,KOF
4312,KOP
4313,KOPN
4314,KORE
4315,KOS
4316,KOSS
4317,KPLT
4318,KPLTW
4319,KPRX
4320,KPTI
4321,KR
4322,KRBP
4323,KRC
4324,KREF
4325,KREF^A
4326,KRG
4327,KRKR
4328,KRMD
4329,KRNL
4330,KRNLU
4331,KRNLW
4332,KRNT
4333,KRNY
4334,KRO
4335,KRON
4336,KROS
4337,KRP
4338,KRT
4339,KRTX
4340,KRUS
4341,KRYS
4342,KSCP
4343,KSI
4344,KSICW
4345,KSM
4346,KSPN
4347,KSS
4348,KT
4349,KTB
4350,KTCC
4351,KTF
4352,KTH
4353,KTN
4354,KTOS
4355,KTRA
4356,KTTA
4357,KTTAW
4358,KUKE
4359,KULR
4360,KURA
4361,KVHI
4362,KVSA
4363,KVSC
4364,KW
4365,KWR
4366,KXIN
4367,KYCH
4368,KYCHR
4369,KYCHU
4370,KYCHW
4371,KYMR
4372,KYN
4373,KZIA
4374,KZR
4375,L
4376,LAAAW
4377,LAB
4378,LABP
4379,LAC
4380,LAD
4381,LADR
4382,LAKE
4383,LAMR
4384,LANC
4385,LAND
4386,LANDM
4387,LANDO
4388,LARK
4389,LASR
4390,LATG
4391,LATGU
4392,LATGW
4393,LAUR
4394,LAW
4395,LAX
4396,LAZ
4397,LAZR
4398,LAZY
4399,LBAI
4400,LBBBW
4401,LBC
4402,LBPH
4403,LBRDA
4404,LBRDK
4405,LBRDP
4406,LBRT
4407,LBTYA
4408,LBTYB
4409,LBTYK
4410,LC
4411,LCA
4412,LCAA
4413,LCAHU
4414,LCAHW
4415,LCFY
4416,LCFYW
4417,LCI
4418,LCID
4419,LCII
4420,LCNB
4421,LCTX
4422,LCUT
4423,LCW
4424,LDHA
4425,LDHAU
4426,LDHAW
4427,LDI
4428,LDOS
4429,LDP
4430,LE
4431,LEA
4432,LEAP
4433,LECO
4434,LEDS
4435,LEE
4436,LEG
4437,LEGA
4438,LEGAU
4439,LEGH
4440,LEGN
4441,LEJU
4442,LEN
4443,LEO
4444,LESL
4445,LEU
4446,LEV
4447,LEVI
4448,LEXX
4449,LEXXW
4450,LFAC
4451,LFACU
4452,LFACW
4453,LFC
4454,LFG
4455,LFLY
4456,LFLYW
4457,LFMD
4458,LFMDP
4459,LFST
4460,LFT
4461,LFT^A
4462,LFTR
4463,LFTRU
4464,LFTRW
4465,LFUS
4466,LFVN
4467,LGAC
4468,LGACU
4469,LGACW
4470,LGHL
4471,LGHLW
4472,LGI
4473,LGIH
4474,LGL
4475,LGMK
4476,LGND
4477,LGO
4478,LGST
4479,LGSTW
4480,LGTO
4481,LGTOU
4482,LGTOW
4483,LGV
4484,LGVC
4485,LGVCU
4486,LGVCW
4487,LGVN
4488,LH
4489,LHAA
4490,LHC
4491,LHCG
4492,LHDX
4493,LHX
4494,LI
4495,LIAN
4496,LIBY
4497,LIBYW
4498,LICY
4499,LIDR
4500,LIDRW
4501,LIFE
4502,LII
4503,LILA
4504,LILAK
4505,LILM
4506,LILMW
4507,LIN
4508,LINC
4509,LIND
4510,LINK
4511,LION
4512,LIONU
4513,LIONW
4514,LIQT
4515,LITB
4516,LITE
4517,LITM
4518,LITT
4519,LITTU
4520,LIVB
4521,LIVBU
4522,LIVBW
4523,LIVE
4524,LIVN
4525,LIXT
4526,LIXTW
4527,LIZI
4528,LJAQ
4529,LJAQU
4530,LJAQW
4531,LJPC
4532,LKCO
4533,LKFN
4534,LKQ
4535,LL
4536,LLAP
4537,LLL
4538,LLY
4539,LMACA
4540,LMACU
4541,LMACW
4542,LMAO
4543,LMAOU
4544,LMAOW
4545,LMAT
4546,LMB
4547,LMDX
4548,LMDXW
4549,LMFA
4550,LMND
4551,LMNL
4552,LMNR
4553,LMPX
4554,LMST
4555,LMT
4556,LNC
4557,LND
4558,LNDC
4559,LNFA
4560,LNG
4561,LNN
4562,LNSR
4563,LNT
4564,LNTH
4565,LNW
4566,LOAN
4567,LOB
4568,LOCC
4569,LOCL
4570,LOCO
4571,LODE
4572,LOGC
4573,LOGI
4574,LOKM
4575,LOMA
4576,LOOP
4577,LOPE
4578,LOTZ
4579,LOTZW
4580,LOV
4581,LOVE
4582,LOW
4583,LPCN
4584,LPG
4585,LPI
4586,LPL
4587,LPLA
4588,LPRO
4589,LPSN
4590,LPTH
4591,LPTX
4592,LPX
4593,LQDA
4594,LQDT
4595,LRCX
4596,LRFC
4597,LRMR
4598,LRN
4599,LSAK
4600,LSBK
4601,LSCC
4602,LSEA
4603,LSEAW
4604,LSF
4605,LSI
4606,LSPD
4607,LSPRW
4608,LSTR
4609,LSXMA
4610,LSXMB
4611,LSXMK
4612,LTBR
4613,LTC
4614,LTCH
4615,LTCHW
4616,LTH
4617,LTHM
4618,LTRN
4619,LTRPA
4620,LTRPB
4621,LTRX
4622,LTRY
4623,LTRYW
4624,LU
4625,LUCD
4626,LULU
4627,LUMN
4628,LUMO
4629,LUNA
4630,LUNG
4631,LUV
4632,LUXA
4633,LUXAU
4634,LUXAW
4635,LVAC
4636,LVACU
4637,LVACW
4638,LVLU
4639,LVO
4640,LVOX
4641,LVOXU
4642,LVOXW
4643,LVRA
4644,LVRAU
4645,LVS
4646,LVTX
4647,LW
4648,LWAY
4649,LWLG
4650,LX
4651,LXEH
4652,LXFR
4653,LXP
4654,LXP^C
4655,LXRX
4656,LXU
4657,LYB
4658,LYEL
4659,LYFT
4660,LYG
4661,LYL
4662,LYLT
4663,LYRA
4664,LYT
4665,LYTS
4666,LYV
4667,LZ
4668,LZB
4669,M
4670,MA
4671,MAA
4672,MAA^I
4673,MAAQ
4674,MAAQW
4675,MAC
4676,MACA
4677,MACAU
4678,MACAW
4679,MACC
4680,MACK
4681,MAG
4682,MAIA
4683,MAIN
4684,MAN
4685,MANH
4686,MANT
4687,MANU
4688,MAPS
4689,MAPSW
4690,MAQC
4691,MAQCU
4692,MAQCW
4693,MAR
4694,MARA
4695,MARK
4696,MARPS
4697,MAS
4698,MASI
4699,MASS
4700,MAT
4701,MATV
4702,MATW
4703,MATX
4704,MAV
4705,MAX
4706,MAXN
4707,MAXR
4708,MAYS
4709,MBAC
4710,MBCN
4711,MBI
4712,MBIN
4713,MBINN
4714,MBINO
4715,MBINP
4716,MBIO
4717,MBNKP
4718,MBOT
4719,MBRX
4720,MBSC
4721,MBTC
4722,MBTCR
4723,MBTCU
4724,MBUU
4725,MBWM
4726,MC
4727,MCAA
4728,MCAAU
4729,MCAC
4730,MCACR
4731,MCACU
4732,MCACW
4733,MCAE
4734,MCAF
4735,MCAFU
4736,MCAG
4737,MCAGR
4738,MCB
4739,MCBC
4740,MCBS
4741,MCD
4742,MCFT
4743,MCG
4744,MCHP
4745,MCHX
4746,MCI
4747,MCK
4748,MCLD
4749,MCLDW
4750,MCN
4751,MCO
4752,MCR
4753,MCRB
4754,MCRI
4755,MCS
4756,MCW
4757,MCY
4758,MD
4759,MDB
4760,MDC
4761,MDGL
4762,MDGS
4763,MDGSW
4764,MDH
4765,MDIA
4766,MDJH
4767,MDLZ
4768,MDNA
4769,MDRR
4770,MDRRP
4771,MDRX
4772,MDT
4773,MDU
4774,MDV
4775,MDV^A
4776,MDVL
4777,MDWD
4778,MDWT
4779,MDXG
4780,MDXH
4781,ME
4782,MEAC
4783,MEACW
4784,MEC
4785,MED
4786,MEDP
4787,MEDS
4788,MEG
4789,MEGI
4790,MEI
4791,MEIP
4792,MEKA
4793,MELI
4794,MEOA
4795,MEOH
4796,MER^K
4797,MERC
4798,MESA
4799,MESO
4800,MET
4801,MET^A
4802,MET^E
4803,MET^F
4804,META
4805,METC
4806,METCL
4807,METX
4808,METXW
4809,MF
4810,MFA
4811,MFA^B
4812,MFA^C
4813,MFC
4814,MFD
4815,MFG
4816,MFGP
4817,MFH
4818,MFIN
4819,MFM
4820,MFV
4821,MG
4822,MGA
4823,MGAM
4824,MGEE
4825,MGF
4826,MGI
4827,MGIC
4828,MGLD
4829,MGM
4830,MGNI
4831,MGNX
4832,MGPI
4833,MGR
4834,MGRB
4835,MGRC
4836,MGRD
4837,MGTA
4838,MGTX
4839,MGU
4840,MGY
4841,MGYR
4842,MH^A
4843,MH^C
4844,MH^D
4845,MHD
4846,MHF
4847,MHH
4848,MHI
4849,MHK
4850,MHLA
4851,MHLD
4852,MHN
4853,MHNC
4854,MHO
4855,MHUA
4856,MICS
4857,MICT
4858,MIDD
4859,MIGI
4860,MIMO
4861,MIN
4862,MIND
4863,MINDP
4864,MINM
4865,MIO
4866,MIR
4867,MIRM
4868,MIRO
4869,MIST
4870,MIT
4871,MITA
4872,MITAU
4873,MITAW
4874,MITC
4875,MITK
4876,MITO
4877,MITQ
4878,MITT
4879,MITT^A
4880,MITT^B
4881,MITT^C
4882,MIXT
4883,MIY
4884,MKC
4885,MKD
4886,MKFG
4887,MKL
4888,MKSI
4889,MKTW
4890,MKTWW
4891,MKTX
4892,ML
4893,MLAB
4894,MLAC
4895,MLACW
4896,MLAI
4897,MLAIU
4898,MLCO
4899,MLI
4900,MLKN
4901,MLM
4902,MLNK
4903,MLP
4904,MLR
4905,MLSS
4906,MLTX
4907,MLVF
4908,MMAT
4909,MMC
4910,MMD
4911,MMI
4912,MMLP
4913,MMM
4914,MMMB
4915,MMP
4916,MMS
4917,MMSI
4918,MMT
4919,MMU
4920,MMX
4921,MMYT
4922,MN
4923,MNDO
4924,MNDT
4925,MNDY
4926,MNKD
4927,MNMD
4928,MNOV
4929,MNP
4930,MNPR
4931,MNRL
4932,MNRO
4933,MNSB
4934,MNSBP
4935,MNSO
4936,MNST
4937,MNTK
4938,MNTN
4939,MNTS
4940,MNTSW
4941,MNTV
4942,MNTX
4943,MO
4944,MOBQ
4945,MOBQW
4946,MOD
4947,MODD
4948,MODN
4949,MODV
4950,MOFG
4951,MOGO
4952,MOGU
4953,MOH
4954,MOHO
4955,MOLN
4956,MOMO
4957,MON
4958,MONCU
4959,MONCW
4960,MOND
4961,MONDW
4962,MOR
4963,MORF
4964,MORN
4965,MOS
4966,MOTS
4967,MOV
4968,MOVE
4969,MOXC
4970,MP
4971,MPA
4972,MPAA
4973,MPAC
4974,MPACR
4975,MPACW
4976,MPB
4977,MPC
4978,MPLN
4979,MPLX
4980,MPRA
4981,MPRAU
4982,MPV
4983,MPW
4984,MPWR
4985,MPX
4986,MQ
4987,MQT
4988,MQY
4989,MRAI
4990,MRAM
4991,MRBK
4992,MRC
4993,MRCC
4994,MRCY
4995,MREO
4996,MRIN
4997,MRK
4998,MRKR
4999,MRM
5000,MRNA
5001,MRNS
5002,MRO
5003,MRSN
5004,MRTN
5005,MRTX
5006,MRUS
5007,MRVI
5008,MRVL
5009,MS
5010,MS^A
5011,MS^E
5012,MS^F
5013,MS^I
5014,MS^K
5015,MS^L
5016,MS^O
5017,MSA
5018,MSAC
5019,MSACW
5020,MSB
5021,MSBI
5022,MSC
5023,MSCI
5024,MSD
5025,MSDA
5026,MSDAU
5027,MSDAW
5028,MSEX
5029,MSFT
5030,MSGE
5031,MSGM
5032,MSGS
5033,MSI
5034,MSM
5035,MSN
5036,MSPR
5037,MSPRW
5038,MSPRZ
5039,MSSA
5040,MSSAR
5041,MSTR
5042,MSVB
5043,MT
5044,MTA
5045,MTAC
5046,MTACU
5047,MTACW
5048,MTAL
5049,MTB
5050,MTB^H
5051,MTBC
5052,MTBCO
5053,MTBCP
5054,MTC
5055,MTCH
5056,MTCN
5057,MTCR
5058,MTD
5059,MTDR
5060,MTEK
5061,MTEKW
5062,MTEM
5063,MTEX
5064,MTG
5065,MTH
5066,MTLS
5067,MTMT
5068,MTN
5069,MTNB
5070,MTOR
5071,MTP
5072,MTR
5073,MTRN
5074,MTRX
5075,MTRY
5076,MTRYU
5077,MTRYW
5078,MTSI
5079,MTTR
5080,MTVC
5081,MTW
5082,MTX
5083,MTZ
5084,MU
5085,MUA
5086,MUC
5087,MUDS
5088,MUDSU
5089,MUDSW
5090,MUE
5091,MUFG
5092,MUI
5093,MUJ
5094,MULN
5095,MUR
5096,MURFU
5097,MURFW
5098,MUSA
5099,MUX
5100,MVBF
5101,MVF
5102,MVIS
5103,MVO
5104,MVST
5105,MVSTW
5106,MVT
5107,MWA
5108,MX
5109,MXC
5110,MXCT
5111,MXE
5112,MXF
5113,MXL
5114,MYD
5115,MYE
5116,MYFW
5117,MYGN
5118,MYI
5119,MYMD
5120,MYN
5121,MYNA
5122,MYNZ
5123,MYO
5124,MYOV
5125,MYPS
5126,MYPSW
5127,MYRG
5128,MYSZ
5129,MYTE
5130,
5131,NAAC
5132,NAACU
5133,NAACW
5134,NAAS
5135,NABL
5136,NAC
5137,NAD
5138,NAII
5139,NAK
5140,NAN
5141,NAOV
5142,NAPA
5143,NARI
5144,NAT
5145,NATH
5146,NATI
5147,NATR
5148,NAUT
5149,NAVB
5150,NAVI
5151,NAZ
5152,NBB
5153,NBEV
5154,NBH
5155,NBHC
5156,NBIX
5157,NBN
5158,NBO
5159,NBR
5160,NBRV
5161,NBSE
5162,NBST
5163,NBSTU
5164,NBSTW
5165,NBTB
5166,NBTX
5167,NBW
5168,NBXG
5169,NBY
5170,NC
5171,NCA
5172,NCAC
5173,NCACU
5174,NCACW
5175,NCLH
5176,NCMI
5177,NCNA
5178,NCNO
5179,NCPL
5180,NCPLW
5181,NCR
5182,NCRA
5183,NCSM
5184,NCTY
5185,NCV
5186,NCV^A
5187,NCZ
5188,NCZ^A
5189,NDAC
5190,NDACU
5191,NDACW
5192,NDAQ
5193,NDLS
5194,NDMO
5195,NDP
5196,NDRA
5197,NDSN
5198,NE
5199,NEA
5200,NECB
5201,NEE
5202,NEE^N
5203,NEE^O
5204,NEE^P
5205,NEE^Q
5206,NEGG
5207,NEM
5208,NEN
5209,NEO
5210,NEOG
5211,NEON
5212,NEOV
5213,NEOVW
5214,NEP
5215,NEPH
5216,NEPT
5217,NERV
5218,NESR
5219,NESRW
5220,NET
5221,NETC
5222,NETI
5223,NEU
5224,NEWP
5225,NEWR
5226,NEWT
5227,NEWTL
5228,NEWTZ
5229,NEX
5230,NEXA
5231,NEXI
5232,NEXT
5233,NFBK
5234,NFE
5235,NFG
5236,NFGC
5237,NFJ
5238,NFLX
5239,NFNT
5240,NFYS
5241,NG
5242,NGC
5243,NGD
5244,NGG
5245,NGL
5246,NGL^B
5247,NGL^C
5248,NGM
5249,NGMS
5250,NGS
5251,NGVC
5252,NGVT
5253,NH
5254,NHC
5255,NHI
5256,NHIC
5257,NHICW
5258,NHS
5259,NHTC
5260,NHWK
5261,NI
5262,NI^B
5263,NIC
5264,NICE
5265,NICK
5266,NID
5267,NIE
5268,NILE
5269,NILE^D
5270,NIM
5271,NIMC
5272,NINE
5273,NIO
5274,NIQ
5275,NISN
5276,NIU
5277,NJR
5278,NKE
5279,NKG
5280,NKLA
5281,NKSH
5282,NKTR
5283,NKTX
5284,NKX
5285,NL
5286,NLIT
5287,NLITU
5288,NLITW
5289,NLOK
5290,NLS
5291,NLSN
5292,NLSP
5293,NLSPW
5294,NLTX
5295,NLY
5296,NLY^F
5297,NLY^G
5298,NLY^I
5299,NM
5300,NM^G
5301,NM^H
5302,NMAI
5303,NMCO
5304,NMFC
5305,NMG
5306,NMI
5307,NMIH
5308,NMK^B
5309,NML
5310,NMM
5311,NMMC
5312,NMR
5313,NMRD
5314,NMRK
5315,NMS
5316,NMT
5317,NMTC
5318,NMTR
5319,NMZ
5320,NN
5321,NNAVW
5322,NNBR
5323,NNDM
5324,NNI
5325,NNN
5326,NNOX
5327,NNVC
5328,NNY
5329,NOA
5330,NOAC
5331,NOACU
5332,NOACW
5333,NOAH
5334,NOC
5335,NODK
5336,NOG
5337,NOK
5338,NOM
5339,NOMD
5340,NOTV
5341,NOV
5342,NOVA
5343,NOVN
5344,NOVT
5345,NOVVR
5346,NOVVW
5347,NOW
5348,NPAB
5349,NPABU
5350,NPCE
5351,NPCT
5352,NPFD
5353,NPK
5354,NPO
5355,NPTN
5356,NPV
5357,NQP
5358,NR
5359,NRAC
5360,NRACU
5361,NRACW
5362,NRBO
5363,NRC
5364,NRDS
5365,NRDY
5366,NREF
5367,NREF^A
5368,NRG
5369,NRGV
5370,NRGX
5371,NRIM
5372,NRIX
5373,NRK
5374,NRO
5375,NRP
5376,NRSN
5377,NRSNW
5378,NRT
5379,NRUC
5380,NRXP
5381,NRXPW
5382,NRZ
5383,NRZ^A
5384,NRZ^B
5385,NRZ^C
5386,NRZ^D
5387,NS
5388,NS^A
5389,NS^B
5390,NS^C
5391,NSA
5392,NSA^A
5393,NSC
5394,NSIT
5395,NSL
5396,NSP
5397,NSPR
5398,NSR
5399,NSS
5400,NSSC
5401,NSTB
5402,NSTC
5403,NSTD
5404,NSTG
5405,NSTS
5406,NSYS
5407,NTAP
5408,NTB
5409,NTCO
5410,NTCT
5411,NTES
5412,NTG
5413,NTGR
5414,NTIC
5415,NTIP
5416,NTLA
5417,NTNX
5418,NTR
5419,NTRA
5420,NTRB
5421,NTRBW
5422,NTRS
5423,NTRSO
5424,NTST
5425,NTWK
5426,NTZ
5427,NU
5428,NUBI
5429,NUBIU
5430,NUE
5431,NUO
5432,NURO
5433,NUS
5434,NUTX
5435,NUV
5436,NUVA
5437,NUVB
5438,NUVL
5439,NUW
5440,NUWE
5441,NUZE
5442,NVAC
5443,NVACW
5444,NVAX
5445,NVCN
5446,NVCR
5447,NVCT
5448,NVDA
5449,NVEC
5450,NVEE
5451,NVEI
5452,NVFY
5453,NVG
5454,NVGS
5455,NVIV
5456,NVMI
5457,NVNO
5458,NVNOW
5459,NVO
5460,NVOS
5461,NVR
5462,NVRO
5463,NVS
5464,NVSA
5465,NVSAU
5466,NVSAW
5467,NVST
5468,NVT
5469,NVTA
5470,NVTS
5471,NVVE
5472,NVVEW
5473,NVX
5474,NWBI
5475,NWE
5476,NWFL
5477,NWG
5478,NWL
5479,NWLI
5480,NWN
5481,NWPX
5482,NWS
5483,NWSA
5484,NX
5485,NXC
5486,NXDT
5487,NXDT^A
5488,NXE
5489,NXGL
5490,NXGLW
5491,NXGN
5492,NXJ
5493,NXN
5494,NXP
5495,NXPI
5496,NXPL
5497,NXPLW
5498,NXRT
5499,NXST
5500,NXTC
5501,NXTP
5502,NYC
5503,NYCB
5504,NYCB^A
5505,NYCB^U
5506,NYMT
5507,NYMTL
5508,NYMTM
5509,NYMTN
5510,NYMTZ
5511,NYMX
5512,NYT
5513,NYXH
5514,NZF
5515,O
5516,OAK^A
5517,OAK^B
5518,OB
5519,OBCI
5520,OBE
5521,OBLG
5522,OBNK
5523,OBSV
5524,OBT
5525,OC
5526,OCAX
5527,OCAXW
5528,OCC
5529,OCCI
5530,OCCIN
5531,OCCIO
5532,OCFC
5533,OCFCP
5534,OCFT
5535,OCG
5536,OCGN
5537,OCN
5538,OCSL
5539,OCUL
5540,OCUP
5541,OCX
5542,ODC
5543,ODFL
5544,ODP
5545,ODV
5546,OEC
5547,OEG
5548,OEPW
5549,OEPWU
5550,OEPWW
5551,OESX
5552,OFC
5553,OFED
5554,OFG
5555,OFIX
5556,OFLX
5557,OFS
5558,OFSSH
5559,OG
5560,OGE
5561,OGEN
5562,OGI
5563,OGN
5564,OGS
5565,OHAA
5566,OHAAW
5567,OHI
5568,OHPA
5569,OHPAU
5570,OHPAW
5571,OI
5572,OIA
5573,OII
5574,OIIM
5575,OIS
5576,OKE
5577,OKTA
5578,OKYO
5579,OLB
5580,OLED
5581,OLIT
5582,OLITU
5583,OLITW
5584,OLK
5585,OLLI
5586,OLMA
5587,OLN
5588,OLO
5589,OLP
5590,OLPX
5591,OM
5592,OMAB
5593,OMC
5594,OMCL
5595,OMEG
5596,OMER
5597,OMEX
5598,OMF
5599,OMGA
5600,OMI
5601,OMIC
5602,OMQS
5603,ON
5604,ONB
5605,ONBPO
5606,ONBPP
5607,ONCR
5608,ONCS
5609,ONCT
5610,ONCY
5611,ONDS
5612,ONEM
5613,ONEW
5614,ONL
5615,ONON
5616,ONTF
5617,ONTO
5618,ONTX
5619,ONVO
5620,ONYX
5621,ONYXU
5622,OOMA
5623,OP
5624,OPA
5625,OPAD
5626,OPAL
5627,OPALW
5628,OPBK
5629,OPCH
5630,OPEN
5631,OPFI
5632,OPGN
5633,OPHC
5634,OPI
5635,OPINL
5636,OPK
5637,OPNT
5638,OPOF
5639,OPP
5640,OPP^A
5641,OPP^B
5642,OPRA
5643,OPRT
5644,OPRX
5645,OPT
5646,OPTN
5647,OPTT
5648,OPY
5649,OR
5650,ORA
5651,ORAN
5652,ORC
5653,ORCC
5654,ORCL
5655,ORGN
5656,ORGNW
5657,ORGO
5658,ORGS
5659,ORI
5660,ORIA
5661,ORIAU
5662,ORIAW
5663,ORIC
5664,ORLA
5665,ORLY
5666,ORMP
5667,ORN
5668,ORRF
5669,ORTX
5670,OSBC
5671,OSCR
5672,OSG
5673,OSH
5674,OSI
5675,OSIS
5676,OSK
5677,OSPN
5678,OSS
5679,OST
5680,OSTK
5681,OSTR
5682,OSTRU
5683,OSTRW
5684,OSUR
5685,OSW
5686,OTEC
5687,OTECU
5688,OTECW
5689,OTEX
5690,OTIC
5691,OTIS
5692,OTLK
5693,OTLY
5694,OTMO
5695,OTMOW
5696,OTRK
5697,OTRKP
5698,OTTR
5699,OUST
5700,OUT
5701,OVBC
5702,OVID
5703,OVLY
5704,OVV
5705,OWL
5706,OWLT
5707,OXAC
5708,OXBR
5709,OXBRW
5710,OXLC
5711,OXLCL
5712,OXLCM
5713,OXLCN
5714,OXLCO
5715,OXLCP
5716,OXLCZ
5717,OXM
5718,OXSQ
5719,OXSQG
5720,OXSQL
5721,OXSQZ
5722,OXUS
5723,OXUSU
5724,OXUSW
5725,OXY
5726,OYST
5727,OZ
5728,OZK
5729,OZKAP
5730,PAA
5731,PAAS
5732,PAC
5733,PACB
5734,PACI
5735,PACK
5736,PACW
5737,PACWP
5738,PACX
5739,PACXU
5740,PAG
5741,PAGP
5742,PAGS
5743,PAHC
5744,PAI
5745,PALI
5746,PALT
5747,PAM
5748,PANA
5749,PANL
5750,PANW
5751,PAQC
5752,PAQCU
5753,PAQCW
5754,PAR
5755,PARA
5756,PARAA
5757,PARAP
5758,PARR
5759,PASG
5760,PATH
5761,PATI
5762,PATK
5763,PAVM
5764,PAVMZ
5765,PAX
5766,PAXS
5767,PAY
5768,PAYA
5769,PAYC
5770,PAYO
5771,PAYOW
5772,PAYS
5773,PAYX
5774,PB
5775,PBA
5776,PBAX
5777,PBAXW
5778,PBBK
5779,PBF
5780,PBFS
5781,PBFX
5782,PBH
5783,PBHC
5784,PBI
5785,PBI^B
5786,PBLA
5787,PBPB
5788,PBR
5789,PBT
5790,PBTS
5791,PBYI
5792,PCAR
5793,PCB
5794,PCCT
5795,PCCTU
5796,PCCTW
5797,PCF
5798,PCG
5799,PCG^A
5800,PCG^B
5801,PCG^D
5802,PCG^E
5803,PCG^G
5804,PCG^H
5805,PCG^I
5806,PCGU
5807,PCH
5808,PCK
5809,PCM
5810,PCN
5811,PCOR
5812,PCPC
5813,PCQ
5814,PCRX
5815,PCSA
5816,PCSB
5817,PCT
5818,PCTI
5819,PCTTU
5820,PCTTW
5821,PCTY
5822,PCVX
5823,PCX
5824,PCXCW
5825,PCYG
5826,PCYO
5827,PD
5828,PDCE
5829,PDCO
5830,PDD
5831,PDEX
5832,PDFS
5833,PDI
5834,PDLB
5835,PDM
5836,PDO
5837,PDOT
5838,PDS
5839,PDSB
5840,PDT
5841,PEAK
5842,PEAR
5843,PEARW
5844,PEB
5845,PEB^E
5846,PEB^F
5847,PEB^G
5848,PEB^H
5849,PEBK
5850,PEBO
5851,PECO
5852,PED
5853,PEG
5854,PEGA
5855,PEGR
5856,PEGRU
5857,PEGRW
5858,PEGY
5859,PEI
5860,PEI^B
5861,PEI^C
5862,PEI^D
5863,PEN
5864,PENN
5865,PEO
5866,PEP
5867,PEPG
5868,PEPL
5869,PEPLU
5870,PEPLW
5871,PERI
5872,PESI
5873,PETQ
5874,PETS
5875,PETV
5876,PETVW
5877,PETZ
5878,PEV
5879,PFBC
5880,PFC
5881,PFD
5882,PFDR
5883,PFDRU
5884,PFDRW
5885,PFE
5886,PFG
5887,PFGC
5888,PFH
5889,PFHC
5890,PFHD
5891,PFIE
5892,PFIN
5893,PFIS
5894,PFL
5895,PFLT
5896,PFMT
5897,PFN
5898,PFO
5899,PFS
5900,PFSI
5901,PFSW
5902,PFTA
5903,PFTAU
5904,PFX
5905,PFXNL
5906,PFXNZ
5907,PG
5908,PGC
5909,PGEN
5910,PGNY
5911,PGP
5912,PGR
5913,PGRE
5914,PGRU
5915,PGRW
5916,PGRWU
5917,PGRWW
5918,PGSS
5919,PGTI
5920,PGY
5921,PGYWW
5922,PGZ
5923,PH
5924,PHAR
5925,PHAS
5926,PHAT
5927,PHCF
5928,PHD
5929,PHG
5930,PHGE
5931,PHI
5932,PHIC
5933,PHICU
5934,PHICW
5935,PHIO
5936,PHK
5937,PHM
5938,PHR
5939,PHT
5940,PHUN
5941,PHUNW
5942,PHVS
5943,PHX
5944,PHYT
5945,PI
5946,PIAI
5947,PICC
5948,PII
5949,PIII
5950,PIIIW
5951,PIK
5952,PIM
5953,PINC
5954,PINE
5955,PING
5956,PINS
5957,PIPP
5958,PIPR
5959,PIRS
5960,PIXY
5961,PJT
5962,PK
5963,PKBK
5964,PKE
5965,PKG
5966,PKI
5967,PKOH
5968,PKX
5969,PL
5970,PLAB
5971,PLAG
5972,PLAO
5973,PLAOU
5974,PLAOW
5975,PLAY
5976,PLBC
5977,PLBY
5978,PLCE
5979,PLD
5980,PLG
5981,PLL
5982,PLM
5983,PLMI
5984,PLMIU
5985,PLMIW
5986,PLMR
5987,PLNT
5988,PLOW
5989,PLPC
5990,PLRX
5991,PLSE
5992,PLTK
5993,PLTR
5994,PLUG
5995,PLUR
5996,PLUS
5997,PLX
5998,PLXP
5999,PLXS
6000,PLYA
6001,PLYM
6002,PLYM^A
6003,PM
6004,PMCB
6005,PMD
6006,PME
6007,PMF
6008,PMGM
6009,PMGMW
6010,PML
6011,PMM
6012,PMN
6013,PMO
6014,PMT
6015,PMT^A
6016,PMT^B
6017,PMT^C
6018,PMTS
6019,PMVC
6020,PMVP
6021,PMX
6022,PNAC
6023,PNACR
6024,PNACU
6025,PNACW
6026,PNBK
6027,PNC
6028,PNC^P
6029,PNF
6030,PNFP
6031,PNFPP
6032,PNI
6033,PNM
6034,PNNT
6035,PNR
6036,PNRG
6037,PNT
6038,PNTG
6039,PNTM
6040,PNW
6041,POAI
6042,PODD
6043,POET
6044,POL
6045,POLA
6046,POLY
6047,POND
6048,PONO
6049,POOL
6050,POR
6051,PORT
6052,POSH
6053,POST
6054,POW
6055,POWI
6056,POWL
6057,POWRU
6058,POWRW
6059,POWW
6060,POWWP
6061,PPBI
6062,PPBT
6063,PPC
6064,PPG
6065,PPHP
6066,PPHPR
6067,PPHPU
6068,PPHPW
6069,PPIH
6070,PPL
6071,PPSI
6072,PPT
6073,PPTA
6074,PPYA
6075,PPYAU
6076,PPYAW
6077,PRA
6078,PRAA
6079,PRAX
6080,PRBM
6081,PRCH
6082,PRCT
6083,PRDO
6084,PRDS
6085,PRE
6086,PRE^J
6087,PRENW
6088,PRFT
6089,PRFX
6090,PRG
6091,PRGO
6092,PRGS
6093,PRI
6094,PRIF^D
6095,PRIF^G
6096,PRIF^H
6097,PRIF^I
6098,PRIF^J
6099,PRIF^K
6100,PRIF^L
6101,PRIM
6102,PRK
6103,PRLB
6104,PRLD
6105,PRLH
6106,PRLHU
6107,PRLHW
6108,PRM
6109,PRMW
6110,PRO
6111,PROC
6112,PROCW
6113,PROF
6114,PROK
6115,PROV
6116,PRPC
6117,PRPH
6118,PRPL
6119,PRPO
6120,PRQR
6121,PRS
6122,PRSO
6123,PRSR
6124,PRSRU
6125,PRSRW
6126,PRT
6127,PRTA
6128,PRTC
6129,PRTG
6130,PRTH
6131,PRTK
6132,PRTS
6133,PRTY
6134,PRU
6135,PRVA
6136,PRVB
6137,PSA
6138,PSA^F
6139,PSA^G
6140,PSA^H
6141,PSA^I
6142,PSA^J
6143,PSA^K
6144,PSA^L
6145,PSA^M
6146,PSA^N
6147,PSA^O
6148,PSA^P
6149,PSA^Q
6150,PSA^R
6151,PSA^S
6152,PSAG
6153,PSAGW
6154,PSB^X
6155,PSB^Y
6156,PSB^Z
6157,PSEC
6158,PSEC^A
6159,PSF
6160,PSFE
6161,PSHG
6162,PSMT
6163,PSN
6164,PSNL
6165,PSNY
6166,PSNYW
6167,PSO
6168,PSPC
6169,PSTG
6170,PSTL
6171,PSTV
6172,PSTX
6173,PSX
6174,PT
6175,PTA
6176,PTC
6177,PTCT
6178,PTE
6179,PTEN
6180,PTGX
6181,PTIC
6182,PTICU
6183,PTIX
6184,PTIXW
6185,PTLO
6186,PTMN
6187,PTN
6188,PTNR
6189,PTOC
6190,PTOCW
6191,PTON
6192,PTPI
6193,PTR
6194,PTRA
6195,PTRS
6196,PTSI
6197,PTVE
6198,PTY
6199,PUBM
6200,PUCK
6201,PUCKU
6202,PUCKW
6203,PUK
6204,PULM
6205,PUMP
6206,PUYI
6207,PV
6208,PVBC
6209,PVH
6210,PVL
6211,PW
6212,PW^A
6213,PWFL
6214,PWOD
6215,PWP
6216,PWPPW
6217,PWR
6218,PWSC
6219,PWUP
6220,PWUPU
6221,PWUPW
6222,PX
6223,PXD
6224,PXLW
6225,PXS
6226,PXSAP
6227,PXSAW
6228,PYCR
6229,PYN
6230,PYPD
6231,PYPL
6232,PYR
6233,PYS
6234,PYT
6235,PYXS
6236,PZC
6237,PZG
6238,PZN
6239,PZZA
6240,QCOM
6241,QCRH
6242,QD
6243,QDEL
6244,QFIN
6245,QFTA
6246,QGEN
6247,QH
6248,QIPT
6249,QK
6250,QLGN
6251,QLI
6252,QLYS
6253,QMCO
6254,QNGY
6255,QNRX
6256,QNST
6257,QQQX
6258,QRHC
6259,QRTEA
6260,QRTEB
6261,QRTEP
6262,QRVO
6263,QS
6264,QSI
6265,QSIAW
6266,QSR
6267,QTEK
6268,QTEKW
6269,QTNT
6270,QTRX
6271,QTT
6272,QTWO
6273,QUAD
6274,QUBT
6275,QUIK
6276,QUMU
6277,QUOT
6278,QURE
6279,QVCC
6280,QVCD
6281,R
6282,RA
6283,RAAS
6284,RACB
6285,RACE
6286,RACY
6287,RACYW
6288,RAD
6289,RADA
6290,RADI
6291,RAIL
6292,RAIN
6293,RAM
6294,RAMMU
6295,RAMMW
6296,RAMP
6297,RAND
6298,RANI
6299,RAPT
6300,RARE
6301,RAVE
6302,RBA
6303,RBAC
6304,RBB
6305,RBBN
6306,RBCAA
6307,RBCN
6308,RBKB
6309,RBLX
6310,RBOT
6311,RC
6312,RC^C
6313,RC^E
6314,RCA
6315,RCAC
6316,RCACU
6317,RCACW
6318,RCAT
6319,RCB
6320,RCC
6321,RCEL
6322,RCG
6323,RCHG
6324,RCHGW
6325,RCI
6326,RCII
6327,RCKT
6328,RCKY
6329,RCL
6330,RCLF
6331,RCLFW
6332,RCM
6333,RCMT
6334,RCON
6335,RCOR
6336,RCRT
6337,RCS
6338,RCUS
6339,RDBX
6340,RDBXW
6341,RDCM
6342,RDFN
6343,RDHL
6344,RDI
6345,RDIB
6346,RDN
6347,RDNT
6348,RDUS
6349,RDVT
6350,RDW
6351,RDWR
6352,RDY
6353,RE
6354,REAL
6355,REAX
6356,REE
6357,REEAW
6358,REED
6359,REFI
6360,REFR
6361,REG
6362,REGN
6363,REI
6364,REKR
6365,RELI
6366,RELIW
6367,RELL
6368,RELX
6369,RELY
6370,RENE
6371,RENEU
6372,RENEW
6373,RENN
6374,RENT
6375,REPL
6376,REPX
6377,RERE
6378,RES
6379,RETA
6380,RETO
6381,REV
6382,REVB
6383,REVBU
6384,REVBW
6385,REVE
6386,REVEU
6387,REVEW
6388,REVG
6389,REVH
6390,REVHU
6391,REVHW
6392,REX
6393,REXR
6394,REXR^B
6395,REXR^C
6396,REYN
6397,REZI
6398,RF
6399,RF^B
6400,RF^C
6401,RF^E
6402,RFAC
6403,RFACR
6404,RFACU
6405,RFACW
6406,RFI
6407,RFIL
6408,RFL
6409,RFM
6410,RFMZ
6411,RFP
6412,RGA
6413,RGC
6414,RGCO
6415,RGEN
6416,RGF
6417,RGLD
6418,RGLS
6419,RGNX
6420,RGP
6421,RGR
6422,RGS
6423,RGT
6424,RGTI
6425,RGTIW
6426,RH
6427,RHE
6428,RHE^A
6429,RHI
6430,RHP
6431,RIBT
6432,RICK
6433,RIDE
6434,RIG
6435,RIGL
6436,RILY
6437,RILYG
6438,RILYK
6439,RILYL
6440,RILYM
6441,RILYN
6442,RILYO
6443,RILYP
6444,RILYT
6445,RILYZ
6446,RIO
6447,RIOT
6448,RIV
6449,RIV^A
6450,RIVN
6451,RJAC
6452,RJF
6453,RJF^A
6454,RJF^B
6455,RKDA
6456,RKLB
6457,RKLY
6458,RKT
6459,RKTA
6460,RL
6461,RLAY
6462,RLGT
6463,RLI
6464,RLJ
6465,RLJ^A
6466,RLMD
6467,RLTY
6468,RLX
6469,RLYB
6470,RM
6471,RMAX
6472,RMBI
6473,RMBL
6474,RMBS
6475,RMCF
6476,RMD
6477,RMED
6478,RMGC
6479,RMGCU
6480,RMGCW
6481,RMI
6482,RMM
6483,RMMZ
6484,RMNI
6485,RMO
6486,RMPL^
6487,RMR
6488,RMT
6489,RMTI
6490,RNA
6491,RNAZ
6492,RNDB
6493,RNER
6494,RNERW
6495,RNG
6496,RNGR
6497,RNLX
6498,RNP
6499,RNR
6500,RNR^F
6501,RNR^G
6502,RNST
6503,RNW
6504,RNWK
6505,RNWWW
6506,RNXT
6507,ROAD
6508,ROC
6509,ROCAR
6510,ROCAU
6511,ROCC
6512,ROCG
6513,ROCGU
6514,ROCK
6515,ROCL
6516,ROCLU
6517,ROCLW
6518,ROG
6519,ROIC
6520,ROIV
6521,ROIVW
6522,ROK
6523,ROKU
6524,ROL
6525,ROLL
6526,ROLLP
6527,RONI
6528,ROOT
6529,ROP
6530,ROSE
6531,ROSEU
6532,ROSEW
6533,ROSS
6534,ROST
6535,ROVR
6536,RPAY
6537,RPD
6538,RPHM
6539,RPID
6540,RPM
6541,RPRX
6542,RPT
6543,RPT^D
6544,RPTX
6545,RQI
6546,RRAC
6547,RRBI
6548,RRC
6549,RRGB
6550,RRR
6551,RRX
6552,RS
6553,RSF
6554,RSG
6555,RSI
6556,RSKD
6557,RSLS
6558,RSSS
6559,RSVR
6560,RSVRW
6561,RTL
6562,RTLPO
6563,RTLPP
6564,RTLR
6565,RTX
6566,RUBY
6567,RUN
6568,RUSHA
6569,RUSHB
6570,RUTH
6571,RVAC
6572,RVACW
6573,RVLP
6574,RVLV
6575,RVMD
6576,RVNC
6577,RVP
6578,RVPH
6579,RVPHW
6580,RVSB
6581,RVSN
6582,RVSNW
6583,RVT
6584,RWAY
6585,RWLK
6586,RWOD
6587,RWODR
6588,RWODU
6589,RWODW
6590,RWT
6591,RXDX
6592,RXRA
6593,RXRAU
6594,RXRX
6595,RXST
6596,RXT
6597,RY
6598,RY^T
6599,RYAAY
6600,RYAM
6601,RYAN
6602,RYI
6603,RYN
6604,RYTM
6605,RZA
6606,RZB
6607,RZLT
6608,S
6609,SA
6610,SABR
6611,SABRP
6612,SABS
6613,SABSW
6614,SACC
6615,SACH
6616,SACH^A
6617,SAFE
6618,SAFT
6619,SAGA
6620,SAGAR
6621,SAGAU
6622,SAGE
6623,SAH
6624,SAI
6625,SAIA
6626,SAIC
6627,SAIL
6628,SAITW
6629,SAL
6630,SALM
6631,SAM
6632,SAMA
6633,SAMAU
6634,SAMG
6635,SAN
6636,SANA
6637,SANB
6638,SAND          
6639,SANG
6640,SANM
6641,SANW
6642,SAP
6643,SAR
6644,SASI
6645,SASR
6646,SAT
6647,SATL
6648,SATLW
6649,SATS
6650,SAVA
6651,SAVE
6652,SB
6653,SB^C
6654,SB^D
6655,SBAC
6656,SBBA
6657,SBCF
6658,SBET
6659,SBEV
6660,SBFG
6661,SBFM
6662,SBFMW
6663,SBGI
6664,SBH
6665,SBI
6666,SBIG
6667,SBIGW
6668,SBII
6669,SBLK
6670,SBNY
6671,SBNYP
6672,SBOW
6673,SBR
6674,SBRA
6675,SBS
6676,SBSI
6677,SBSW
6678,SBT
6679,SBTX
6680,SBUX
6681,SCAQ
6682,SCAQU
6683,SCAQW
6684,SCCB
6685,SCCC
6686,SCCD
6687,SCCE
6688,SCCF
6689,SCCO
6690,SCD
6691,SCE^G
6692,SCE^H
6693,SCE^J
6694,SCE^K
6695,SCE^L
6696,SCHL
6697,SCHN
6698,SCHW
6699,SCHW^D
6700,SCHW^J
6701,SCI
6702,SCKT
6703,SCL
6704,SCLE
6705,SCLEU
6706,SCLEW
6707,SCM
6708,SCMA
6709,SCMAU
6710,SCMAW
6711,SCOA
6712,SCOAW
6713,SCOB
6714,SCOBU
6715,SCOBW
6716,SCOR
6717,SCPH
6718,SCPL
6719,SCPS
6720,SCRM
6721,SCRMU
6722,SCRMW
6723,SCS
6724,SCSC
6725,SCTL
6726,SCU
6727,SCUA
6728,SCVL
6729,SCWO
6730,SCWX
6731,SCX
6732,SCYX
6733,SD
6734,SDAC
6735,SDACU
6736,SDACW
6737,SDC
6738,SDGR
6739,SDH
6740,SDHY
6741,SDIG
6742,SDPI
6743,SE
6744,SEAC
6745,SEAL^A
6746,SEAL^B
6747,SEAS
6748,SEAT
6749,SEATW
6750,SEB
6751,SECO
6752,SEDA
6753,SEDG
6754,SEE
6755,SEED
6756,SEEL
6757,SEER
6758,SEIC
6759,SELB
6760,SELF
6761,SEM
6762,SEMR
6763,SENEA
6764,SENEB
6765,SENS
6766,SERA
6767,SES
6768,SESN
6769,SEV
6770,SEVN
6771,SF
6772,SF^B
6773,SF^C
6774,SF^D
6775,SFB
6776,SFBC
6777,SFBS
6778,SFE
6779,SFET
6780,SFIX
6781,SFL
6782,SFM
6783,SFNC
6784,SFST
6785,SFT
6786,SG
6787,SGA
6788,SGBX
6789,SGC
6790,SGEN
6791,SGFY
6792,SGH
6793,SGHC
6794,SGHL
6795,SGHLU
6796,SGHLW
6797,SGHT
6798,SGII
6799,SGIIU
6800,SGIIW
6801,SGLY
6802,SGMA
6803,SGML
6804,SGMO
6805,SGRP
6806,SGRY
6807,SGTX
6808,SGU
6809,SHAC
6810,SHACU
6811,SHACW
6812,SHAK
6813,SHAP
6814,SHBI
6815,SHC
6816,SHCA
6817,SHCAU
6818,SHCR
6819,SHCRW
6820,SHEL
6821,SHEN
6822,SHG
6823,SHI
6824,SHIP
6825,SHLS
6826,SHLX
6827,SHO
6828,SHO^H
6829,SHO^I
6830,SHOO
6831,SHOP
6832,SHPW
6833,SHQA
6834,SHQAW
6835,SHUA
6836,SHUAU
6837,SHW
6838,SHYF
6839,SI
6840,SI^A
6841,SIBN
6842,SID
6843,SIDU
6844,SIEB
6845,SIEN
6846,SIER
6847,SIERU
6848,SIERW
6849,SIF
6850,SIFY
6851,SIG
6852,SIGA
6853,SIGI
6854,SIGIP
6855,SII
6856,SILC
6857,SILK
6858,SILV
6859,SIM
6860,SIMO
6861,SINT
6862,SIOX
6863,SIRE
6864,SIRI
6865,SISI
6866,SITC
6867,SITC^A
6868,SITE
6869,SITM
6870,SIVB
6871,SIVBP
6872,SIX
6873,SJ
6874,SJI
6875,SJIJ
6876,SJIV
6877,SJM
6878,SJR
6879,SJT
6880,SJW
6881,SKE
6882,SKGRU
6883,SKIL
6884,SKIN
6885,SKLZ
6886,SKM
6887,SKT
6888,SKX
6889,SKY
6890,SKYA
6891,SKYAU
6892,SKYAW
6893,SKYH
6894,SKYT
6895,SKYW
6896,SKYX
6897,SLAB
6898,SLAC
6899,SLAM
6900,SLAMU
6901,SLAMW
6902,SLB
6903,SLCA
6904,SLCR
6905,SLCRU
6906,SLCRW
6907,SLDB
6908,SLDP
6909,SLDPW
6910,SLF
6911,SLG
6912,SLG^I
6913,SLGC
6914,SLGCW
6915,SLGG
6916,SLGL
6917,SLGN
6918,SLHG
6919,SLHGP
6920,SLI
6921,SLM
6922,SLMBP
6923,SLN
6924,SLNG
6925,SLNH
6926,SLNHP
6927,SLNO
6928,SLP
6929,SLQT
6930,SLRC
6931,SLRX
6932,SLS
6933,SLVM
6934,SLVR
6935,SM
6936,SMAP
6937,SMAPW
6938,SMAR
6939,SMBC
6940,SMBK
6941,SMCI
6942,SMED
6943,SMFG
6944,SMFL
6945,SMFR
6946,SMFRW
6947,SMG
6948,SMHI
6949,SMID
6950,SMIH
6951,SMIHU
6952,SMIHW
6953,SMIT
6954,SMLP
6955,SMLR
6956,SMM
6957,SMMF
6958,SMMT
6959,SMP
6960,SMPL
6961,SMR
6962,SMRT
6963,SMSI
6964,SMTC
6965,SMTI
6966,SMTS
6967,SMWB
6968,SNA
6969,SNAP
6970,SNAX
6971,SNAXW
6972,SNBR
6973,SNCE
6974,SNCR
6975,SNCRL
6976,SNCY
6977,SND
6978,SNDA
6979,SNDL
6980,SNDR
6981,SNDX
6982,SNES
6983,SNEX
6984,SNFCA
6985,SNGX
6986,SNMP
6987,SNN
6988,SNOA
6989,SNOW
6990,SNP
6991,SNPO
6992,SNPS
6993,SNPX
6994,SNRH
6995,SNRHU
6996,SNRHW
6997,SNSE
6998,SNT
6999,SNTG
7000,SNTI
7001,SNV
7002,SNV^D
7003,SNV^E
7004,SNX
7005,SNY
7006,SO
7007,SOBR
7008,SOFI
7009,SOFO
7010,SOHO
7011,SOHOB
7012,SOHON
7013,SOHOO
7014,SOHU
7015,SOI
7016,SOJC
7017,SOJD
7018,SOJE
7019,SOL
7020,SOLN
7021,SOLO
7022,SOLOW
7023,SON
7024,SOND
7025,SONDW
7026,SONM
7027,SONN
7028,SONO
7029,SONX
7030,SONY
7031,SOPA
7032,SOPH
7033,SOR
7034,SOS
7035,SOTK
7036,SOUN
7037,SOUNW
7038,SOVO
7039,SP
7040,SPB
7041,SPCB
7042,SPCE
7043,SPCM
7044,SPCMU
7045,SPCMW
7046,SPE
7047,SPE^C
7048,SPFI
7049,SPG
7050,SPG^J
7051,SPGI
7052,SPGS
7053,SPH
7054,SPI
7055,SPIR
7056,SPK
7057,SPKB
7058,SPKBU
7059,SPKBW
7060,SPLK
7061,SPLP
7062,SPLP^A
7063,SPNE
7064,SPNS
7065,SPNT
7066,SPNT^B
7067,SPOK
7068,SPOT
7069,SPPI
7070,SPR
7071,SPRB
7072,SPRC
7073,SPRO
7074,SPSC
7075,SPT
7076,SPTK
7077,SPTKU
7078,SPTKW
7079,SPTN
7080,SPWH
7081,SPWR
7082,SPXC
7083,SPXX
7084,SQ
7085,SQFT
7086,SQFTP
7087,SQFTW
7088,SQL
7089,SQLLW
7090,SQM
7091,SQNS
7092,SQSP
7093,SQZ
7094,SR
7095,SR^A
7096,SRAD
7097,SRAX
7098,SRC
7099,SRC^A
7100,SRCE
7101,SRCL
7102,SRDX
7103,SRE
7104,SREA
7105,SRG
7106,SRG^A
7107,SRGA
7108,SRI
7109,SRL
7110,SRLP
7111,SRNE
7112,SRPT
7113,SRRK
7114,SRSA
7115,SRSAU
7116,SRT
7117,SRTS
7118,SRV
7119,SRZN
7120,SRZNW
7121,SSAA
7122,SSAAU
7123,SSAAW
7124,SSB
7125,SSBI
7126,SSBK
7127,SSD
7128,SSIC
7129,SSKN
7130,SSL
7131,SSNC
7132,SSNT
7133,SSP
7134,SSRM
7135,SSSS
7136,SSSSL
7137,SST
7138,SSTI
7139,SSTK
7140,SSU
7141,SSY
7142,SSYS
7143,ST
7144,STAA
7145,STAB
7146,STAF
7147,STAG
7148,STAR          
7149,STAR^D
7150,STAR^G
7151,STAR^I
7152,STBA
7153,STC
7154,STCN
7155,STE
7156,STEM
7157,STEP
7158,STER
7159,STET
7160,STEW
7161,STG
7162,STGW
7163,STIM
7164,STK
7165,STKL
7166,STKS
7167,STLA
7168,STLD
7169,STM
7170,STN
7171,STNE
7172,STNG
7173,STOK
7174,STON
7175,STOR
7176,STR
7177,STRA
7178,STRC
7179,STRCW
7180,STRE
7181,STRL
7182,STRM
7183,STRN
7184,STRNW
7185,STRO
7186,STRR
7187,STRRP
7188,STRS
7189,STRT
7190,STRY
7191,STSA
7192,STSS
7193,STSSW
7194,STT
7195,STT^D
7196,STT^G
7197,STTK
7198,STVN
7199,STWD
7200,STX
7201,STXS
7202,STZ
7203,STZ/B
7204,SU
7205,SUAC
7206,SUI
7207,SUM
7208,SUMO
7209,SUN
7210,SUNL
7211,SUNW
7212,SUP
7213,SUPN
7214,SUPV
7215,SURF
7216,SURG
7217,SURGW
7218,SUZ
7219,SVC
7220,SVFA
7221,SVFAU
7222,SVFAW
7223,SVFB
7224,SVFD
7225,SVM
7226,SVNA
7227,SVNAW
7228,SVRA
7229,SVRE
7230,SVREW
7231,SVT
7232,SVVC
7233,SWAG
7234,SWAGU
7235,SWAGW
7236,SWAV
7237,SWBI
7238,SWCH
7239,SWET
7240,SWETW
7241,SWI
7242,SWIM
7243,SWIR
7244,SWK
7245,SWKH
7246,SWKS
7247,SWN
7248,SWSS
7249,SWSSU
7250,SWSSW
7251,SWT
7252,SWTX
7253,SWVL
7254,SWVLW
7255,SWX
7256,SWZ
7257,SXC
7258,SXI
7259,SXT
7260,SXTC
7261,SY
7262,SYBT
7263,SYBX
7264,SYF
7265,SYF^A
7266,SYK
7267,SYM
7268,SYN
7269,SYNA
7270,SYNH
7271,SYNL
7272,SYPR
7273,SYRS
7274,SYTA
7275,SYTAW
7276,SYY
7277,SZC
7278,SZZL
7279,SZZLU
7280,T
7281,T^A
7282,T^C
7283,TA
7284,TAC
7285,TACT
7286,TAIT
7287,TAK
7288,TAL
7289,TALK
7290,TALKW
7291,TALO
7292,TALS
7293,TANH
7294,TANNI
7295,TANNL
7296,TANNZ
7297,TAOP
7298,TAP
7299,TARA
7300,TARO
7301,TARS
7302,TASK
7303,TAST
7304,TATT
7305,TAYD
7306,TBB
7307,TBBK
7308,TBC
7309,TBCP
7310,TBCPU
7311,TBCPW
7312,TBI
7313,TBK
7314,TBKCP
7315,TBLA
7316,TBLAW
7317,TBLD
7318,TBLT
7319,TBLTW
7320,TBNK
7321,TBPH
7322,TBSA
7323,TBSAU
7324,TBSAW
7325,TC
7326,TCBC
7327,TCBI
7328,TCBIO
7329,TCBK
7330,TCBP
7331,TCBPW
7332,TCBS
7333,TCBX
7334,TCDA
7335,TCFC
7336,TCI
7337,TCMD
7338,TCN
7339,TCOA
7340,TCOM
7341,TCON
7342,TCPC
7343,TCRR
7344,TCRT
7345,TCRX
7346,TCS
7347,TCVA
7348,TCX
7349,TD
7350,TDC
7351,TDCX
7352,TDF
7353,TDG
7354,TDOC
7355,TDS
7356,TDS^U
7357,TDS^V
7358,TDUP
7359,TDW
7360,TDY
7361,TEAF
7362,TEAM
7363,TECH
7364,TECK
7365,TECTP
7366,TEDU
7367,TEF
7368,TEI
7369,TEKK
7370,TEKKU
7371,TEKKW
7372,TEL
7373,TELA
7374,TELL
7375,TELZ
7376,TEN
7377,TENB
7378,TENX
7379,TEO
7380,TER
7381,TERN
7382,TESS
7383,TETC
7384,TETCU
7385,TETCW
7386,TETE
7387,TETEU
7388,TETEW
7389,TEVA
7390,TEX
7391,TFC
7392,TFC^I
7393,TFC^O
7394,TFC^R
7395,TFFP
7396,TFII
7397,TFSA
7398,TFSL
7399,TFX
7400,TG
7401,TGA
7402,TGAA
7403,TGAAU
7404,TGAN
7405,TGB
7406,TGH
7407,TGH^A
7408,TGH^B
7409,TGI
7410,TGLS
7411,TGNA
7412,TGR
7413,TGS
7414,TGT
7415,TGTX
7416,TGVC
7417,TGVCU
7418,TGVCW
7419,TH
7420,THAC
7421,THACU
7422,THACW
7423,THC
7424,THCA
7425,THCAW
7426,THCP
7427,THFF
7428,THG
7429,THM
7430,THMO
7431,THO
7432,THQ
7433,THR
7434,THRM
7435,THRN
7436,THRX
7437,THRY
7438,THS
7439,THTX
7440,THW
7441,THWWW
7442,TIG
7443,TIGO
7444,TIGR
7445,TIL
7446,TILE
7447,TIMB
7448,TINV
7449,TIOA
7450,TIOAU
7451,TIOAW
7452,TIPT
7453,TIRX
7454,TISI
7455,TITN
7456,TIVC
7457,TIXT
7458,TJX
7459,TK
7460,TKAT
7461,TKC
7462,TKLF
7463,TKNO
7464,TKR
7465,TLGA
7466,TLGY
7467,TLGYU
7468,TLGYW
7469,TLIS
7470,TLK
7471,TLRY
7472,TLS
7473,TLSA
7474,TLYS
7475,TM
7476,TMAC
7477,TMBR
7478,TMC
7479,TMCI
7480,TMCWW
7481,TMDI
7482,TMDX
7483,TME
7484,TMHC
7485,TMKR
7486,TMKRU
7487,TMKRW
7488,TMO
7489,TMP
7490,TMPM
7491,TMPMU
7492,TMPMW
7493,TMQ
7494,TMST
7495,TMUS
7496,TMX
7497,TNC
7498,TNDM
7499,TNET
7500,TNGX
7501,TNK
7502,TNL
7503,TNON
7504,TNP
7505,TNP^D
7506,TNP^E
7507,TNP^F
7508,TNXP
7509,TNYA
7510,TOAC
7511,TOACW
7512,TOI
7513,TOIIW
7514,TOL
7515,TOMZ
7516,TOP
7517,TOPS
7518,TOST
7519,TOUR
7520,TOWN
7521,TPB
7522,TPBA
7523,TPBAU
7524,TPBAW
7525,TPC
7526,TPG
7527,TPGY
7528,TPH
7529,TPHS
7530,TPIC
7531,TPL
7532,TPR
7533,TPST
7534,TPTA
7535,TPTX
7536,TPVG
7537,TPX
7538,TPZ
7539,TR
7540,TRAQ
7541,TRC
7542,TRCA
7543,TRDA
7544,TREE
7545,TREX
7546,TRGP
7547,TRHC
7548,TRI
7549,TRIB
7550,TRIN
7551,TRINL
7552,TRIP
7553,TRIS
7554,TRKA
7555,TRKAW
7556,TRMB
7557,TRMD
7558,TRMK
7559,TRMR
7560,TRN
7561,TRNO
7562,TRNS
7563,TRON
7564,TROO
7565,TROW
7566,TROX
7567,TRP
7568,TRQ
7569,TRS
7570,TRST
7571,TRT
7572,TRTL
7573,TRTN
7574,TRTN^A
7575,TRTN^B
7576,TRTN^C
7577,TRTN^D
7578,TRTN^E
7579,TRTX
7580,TRTX^C
7581,TRU
7582,TRUE
7583,TRUP
7584,TRV
7585,TRVG
7586,TRVI
7587,TRVN
7588,TRX
7589,TS
7590,TSAT
7591,TSBK
7592,TSCO
7593,TSE
7594,TSEM
7595,TSHA
7596,TSI
7597,TSIB
7598,TSIBW
7599,TSLA
7600,TSLX
7601,TSM
7602,TSN
7603,TSP
7604,TSPQ
7605,TSQ
7606,TSRI
7607,TSVT
7608,TT
7609,TTC
7610,TTCF
7611,TTD
7612,TTE
7613,TTEC
7614,TTEK
7615,TTGT
7616,TTI
7617,TTM
7618,TTMI
7619,TTNP
7620,TTOO
7621,TTP
7622,TTSH
7623,TTWO
7624,TU
7625,TUEM
7626,TUFN
7627,TUP
7628,TURN
7629,TUSK
7630,TUYA
7631,TV
7632,TVC
7633,TVE
7634,TVTX
7635,TW
7636,TWCB
7637,TWCBU
7638,TWCBW
7639,TWI
7640,TWIN
7641,TWKS
7642,TWLO
7643,TWLV
7644,TWLVU
7645,TWN
7646,TWND
7647,TWNI
7648,TWNK
7649,TWO
7650,TWO^A
7651,TWO^B
7652,TWO^C
7653,TWOA
7654,TWOU
7655,TWST
7656,TWTR
7657,TX
7658,TXG
7659,TXMD
7660,TXN
7661,TXRH
7662,TXT
7663,TY
7664,TY^
7665,TYDE
7666,TYG
7667,TYL
7668,TYME
7669,TYRA
7670,TZOO
7671,TZPS
7672,TZPSU
7673,TZPSW
7674,U
7675,UA
7676,UAA
7677,UAL
7678,UAMY
7679,UAN
7680,UAVS
7681,UBA
7682,UBCP
7683,UBER
7684,UBFO
7685,UBOH
7686,UBP
7687,UBP^H
7688,UBP^K
7689,UBS
7690,UBSI
7691,UBX
7692,UCBI
7693,UCBIO
7694,UCL
7695,UCTT
7696,UDMY
7697,UDR
7698,UE
7699,UEC
7700,UEIC
7701,UFAB
7702,UFCS
7703,UFI
7704,UFPI
7705,UFPT
7706,UG
7707,UGI
7708,UGIC
7709,UGP
7710,UGRO
7711,UHAL
7712,UHS
7713,UHT
7714,UI
7715,UIHC
7716,UIS
7717,UK
7718,UKOMW
7719,UL
7720,ULBI
7721,ULCC
7722,ULH
7723,ULTA
7724,UMBF
7725,UMC
7726,UMH
7727,UMH^D
7728,UMPQ
7729,UNAM
7730,UNB
7731,UNCY
7732,UNF
7733,UNFI
7734,UNH
7735,UNIT
7736,UNM
7737,UNMA
7738,UNP
7739,UNTY
7740,UNVR
7741,UONE
7742,UONEK
7743,UP
7744,UPC
7745,UPH
7746,UPLD
7747,UPS
7748,UPST
7749,UPTD
7750,UPTDU
7751,UPTDW
7752,UPWK
7753,URBN
7754,URG
7755,URGN
7756,URI
7757,UROY
7758,USA
7759,USAC
7760,USAK
7761,USAP
7762,USAS
7763,USAU
7764,USB
7765,USB^A
7766,USB^H
7767,USB^P
7768,USB^Q
7769,USB^R
7770,USB^S
7771,USCB
7772,USCT
7773,USCTW
7774,USDP
7775,USEA
7776,USEG
7777,USER
7778,USFD
7779,USIO
7780,USLM
7781,USM
7782,USNA
7783,USPH
7784,USWS
7785,USWSW
7786,USX
7787,UTAA
7788,UTAAW
7789,UTF
7790,UTG
7791,UTHR
7792,UTI
7793,UTL
7794,UTMD
7795,UTME
7796,UTRS
7797,UTSI
7798,UTZ
7799,UUU
7800,UUUU
7801,UVE
7802,UVSP
7803,UVV
7804,UWMC
7805,UXIN
7806,UZD
7807,UZE
7808,UZF
7809,V
7810,VABK
7811,VAC
7812,VACC
7813,VAL
7814,VALE
7815,VALN
7816,VALU
7817,VAPO
7818,VAQC
7819,VATE
7820,VAXX
7821,VBF
7822,VBFC
7823,VBIV
7824,VBLT
7825,VBNK
7826,VBOCU
7827,VBTX
7828,VC
7829,VCEL
7830,VCIF
7831,VCKA
7832,VCKAW
7833,VCNX
7834,VCSA
7835,VCTR
7836,VCV
7837,VCXA
7838,VCXAU
7839,VCXAW
7840,VCXB
7841,VCYT
7842,VECO
7843,VECT
7844,VEDU
7845,VEEE
7846,VEEV
7847,VEL
7848,VELO
7849,VENA
7850,VENAR
7851,VEON
7852,VERA
7853,VERB
7854,VERBW
7855,VERI
7856,VERO
7857,VERU
7858,VERV
7859,VERX
7860,VERY
7861,VET
7862,VEV
7863,VFC
7864,VFF
7865,VFL
7866,VGFC
7867,VGI
7868,VGM
7869,VGR
7870,VGZ
7871,VHAQ
7872,VHC
7873,VHI
7874,VHNA
7875,VHNAU
7876,VHNAW
7877,VIA
7878,VIAO
7879,VIASP
7880,VIAV
7881,VICI
7882,VICR
7883,VIEW
7884,VIEWW
7885,VIGL
7886,VII
7887,VIIAW
7888,VINC
7889,VINE
7890,VINO
7891,VINP
7892,VIOT
7893,VIPS
7894,VIR
7895,VIRC
7896,VIRI
7897,VIRT
7898,VIRX
7899,VISL
7900,VIST
7901,VITL
7902,VIV
7903,VIVE
7904,VIVK
7905,VIVO
7906,VJET
7907,VKI
7908,VKQ
7909,VKTX
7910,VLAT
7911,VLATU
7912,VLATW
7913,VLCN
7914,VLD
7915,VLDR
7916,VLDRW
7917,VLGEA
7918,VLN
7919,VLNS
7920,VLO
7921,VLON
7922,VLRS
7923,VLT
7924,VLTA
7925,VLY
7926,VLYPO
7927,VLYPP
7928,VMAR
7929,VMC
7930,VMCA
7931,VMCAU
7932,VMD
7933,VMEO
7934,VMGA
7935,VMGAU
7936,VMGAW
7937,VMI
7938,VMO
7939,VMW
7940,VNCE
7941,VNDA
7942,VNET
7943,VNO
7944,VNO^L
7945,VNO^M
7946,VNO^N
7947,VNO^O
7948,VNOM
7949,VNRX
7950,VNT
7951,VNTR
7952,VOC
7953,VOD
7954,VOR
7955,VORB
7956,VORBW
7957,VOXX
7958,VOYA
7959,VOYA^B
7960,VPCB
7961,VPCBU
7962,VPCBW
7963,VPG
7964,VPV
7965,VQS
7966,VRA
7967,VRAR
7968,VRAX
7969,VRAY
7970,VRCA
7971,VRDN
7972,VRE
7973,VREX
7974,VRM
7975,VRME
7976,VRMEW
7977,VRNA
7978,VRNS
7979,VRNT
7980,VRPX
7981,VRRM
7982,VRSK
7983,VRSN
7984,VRT
7985,VRTS
7986,VRTV
7987,VRTX
7988,VS
7989,VSAC
7990,VSACW
7991,VSAT
7992,VSCO
7993,VSEC
7994,VSH
7995,VSSYW
7996,VST
7997,VSTA
7998,VSTM
7999,VSTO
8000,VTAQ
8001,VTAQR
8002,VTAQU
8003,VTAQW
8004,VTEX
8005,VTGN
8006,VTIQ
8007,VTIQU
8008,VTIQW
8009,VTN
8010,VTNR
8011,VTOL
8012,VTR
8013,VTRS
8014,VTRU
8015,VTSI
8016,VTVT
8017,VTYX
8018,VUZI
8019,VVI
8020,VVNT
8021,VVOS
8022,VVPR
8023,VVR
8024,VVV
8025,VVX
8026,VWE
8027,VWEWW
8028,VXRT
8029,VYGG
8030,VYGR
8031,VYNE
8032,VYNT
8033,VZ
8034,VZIO
8035,VZLA
8036,W
8037,WAB
8038,WABC
8039,WAFD
8040,WAFDP
8041,WAFU
8042,WAL
8043,WAL^A
8044,WALD
8045,WALDW
8046,WARR
8047,WASH
8048,WAT
8049,WATT
8050,WAVC
8051,WAVD
8052,WAVE
8053,WAVS
8054,WAVSU
8055,WB
8056,WBA
8057,WBD
8058,WBEV
8059,WBS
8060,WBS^F
8061,WBS^G
8062,WBX
8063,WCC
8064,WCC^A
8065,WCN
8066,WD
8067,WDAY
8068,WDC
8069,WDFC
8070,WDH
8071,WDI
8072,WDS
8073,WE
8074,WEA
8075,WEAV
8076,WEBR
8077,WEC
8078,WEJO
8079,WEJOW
8080,WEL
8081,WELL
8082,WEN
8083,WERN
8084,WES
8085,WETF
8086,WETG
8087,WEX
8088,WEYS
8089,WF
8090,WFC
8091,WFC^A
8092,WFC^C
8093,WFC^D
8094,WFC^L
8095,WFC^Q
8096,WFC^R
8097,WFC^Y
8098,WFC^Z
8099,WFCF
8100,WFG
8101,WFRD
8102,WGO
8103,WH
8104,WHD
8105,WHF
8106,WHG
8107,WHLM
8108,WHLR
8109,WHLRD
8110,WHLRP
8111,WHR
8112,WIA
8113,WILC
8114,WIMI
8115,WINA
8116,WING
8117,WINT
8118,WINV
8119,WINVR
8120,WINVW
8121,WIRE
8122,WISA
8123,WISH
8124,WIT
8125,WIW
8126,WIX
8127,WK
8128,WKEY
8129,WKHS
8130,WKME
8131,WKSP
8132,WKSPW
8133,WLDN
8134,WLFC
8135,WLK
8136,WLKP
8137,WLMS
8138,WLY
8139,WLYB
8140,WM
8141,WMB
8142,WMC
8143,WMG
8144,WMK
8145,WMPN
8146,WMS
8147,WMT
8148,WNC
8149,WNEB
8150,WNNR
8151,WNS
8152,WNW
8153,WOLF
8154,WOOF
8155,WOR
8156,WORX
8157,WOW
8158,WPC
8159,WPCA
8160,WPCB
8161,WPM
8162,WPP
8163,WPRT
8164,WQGA
8165,WRAC
8166,WRAP
8167,WRB
8168,WRB^E
8169,WRB^F
8170,WRB^G
8171,WRB^H
8172,WRBY
8173,WRE
8174,WRK
8175,WRLD
8176,WRN
8177,WSBC
8178,WSBCP
8179,WSBF
8180,WSC
8181,WSFS
8182,WSM
8183,WSO
8184,WSO/B
8185,WSR
8186,WST
8187,WSTG
8188,WTBA
8189,WTER
8190,WTFC
8191,WTFCM
8192,WTFCP
8193,WTI
8194,WTM
8195,WTMAU
8196,WTRG
8197,WTRH
8198,WTS
8199,WTT
8200,WTTR
8201,WTW
8202,WU
8203,WULF
8204,WVE
8205,WVVI
8206,WVVIP
8207,WW
8208,WWAC
8209,WWACU
8210,WWACW
8211,WWD
8212,WWE
8213,WWR
8214,WWW
8215,WY
8216,WYNN
8217,WYY
8218,X
8219,XAIR
8220,XBIO
8221,XBIT
8222,XCUR
8223,XEL
8224,XELA
8225,XELAP
8226,XELB
8227,XENE
8228,XERS
8229,XFIN
8230,XFLT
8231,XFLT^A
8232,XFOR
8233,XGN
8234,XHR
8235,XIN
8236,XL
8237,XLO
8238,XM
8239,XMTR
8240,XNCR
8241,XNET
8242,XOM
8243,XOMA
8244,XOMAO
8245,XOMAP
8246,XOS
8247,XOSWW
8248,XP
8249,XPAX
8250,XPAXU
8251,XPAXW
8252,XPDB
8253,XPDBU
8254,XPDBW
8255,XPEL
8256,XPER
8257,XPEV
8258,XPL
8259,XPO
8260,XPOA
8261,XPOF
8262,XPON
8263,XPRO
8264,XRAY
8265,XRTX
8266,XRX
8267,XSPA
8268,XTLB
8269,XTNT
8270,XXII
8271,XYF
8272,XYL
8273,Y
8274,YALA
8275,YCBD
8276,YCBD^A
8277,YELL
8278,YELP
8279,YETI
8280,YEXT
8281,YGMZ
8282,YI
8283,YJ
8284,YMAB
8285,YMM
8286,YMTX
8287,YORW
8288,YOTA
8289,YOTAR
8290,YOTAU
8291,YOTAW
8292,YOU
8293,YPF
8294,YQ
8295,YRD
8296,YSG
8297,YTEN
8298,YTPG
8299,YTRA
8300,YUM
8301,YUMC
8302,YVR
8303,YY
8304,Z
8305,ZBH
8306,ZBRA
8307,ZCMD
8308,ZD
8309,ZDGE
8310,ZEAL
8311,ZEN
8312,ZENV
8313,ZEPP
8314,ZEST
8315,ZETA
8316,ZEUS
8317,ZEV
8318,ZG
8319,ZGN
8320,ZH
8321,ZI
8322,ZIM
8323,ZIMV
8324,ZING
8325,ZINGU
8326,ZINGW
8327,ZION
8328,ZIONL
8329,ZIONO
8330,ZIONP
8331,ZIP
8332,ZIVO
8333,ZIVOW
8334,ZKIN
8335,ZLAB
8336,ZM
8337,ZNH
8338,ZNTL
8339,ZOM
8340,ZS
8341,ZT
8342,ZTAQU
8343,ZTAQW
8344,ZTEK
8345,ZTO
8346,ZTR
8347,ZTS
8348,ZUMZ
8349,ZUO
8350,ZVIA
8351,ZVO
8352,ZWRK
8353,ZWRKU
8354,ZWS
8355,ZY
8356,ZYME
8357,ZYNE
8358,ZYXI
